Workbook

Sheet PQ
A1: PDV | B1: CORE | C1: LATONES | D1: VALUE LITRO | E1: Corona 710cc | F1: VALUE LATA | G1: SIN ALCOHOL | H1: PREMIUM | I1: MICHELOB | J1: CORONA PORRON | K1: VALUE LATON | L1: CORE 2
A2: 6 | B2: 0b 1% | 2b 5% | 4b 6% | C2: 1b 4% | 5b 7% | 97b 0% | E2: 1b 10% | 85b 0% | G2: 0b 0% | H2: 0b 0% | 2b 2% | 5b 3,5% | 10b 5% | I2: 1b 7% | 3b 22% | 8b 27% | J2: 1b 5% | 20b 0%
A3: 15 | B3: 0b 1% | 2b 5% | 4b 6% | C3: 1b 4% | 5b 7% | 97b 0% | E3: 1b 10% | 85b 0% | G3: 0b 0% | H3: 0b 0% | 2b 2% | 5b 3,5% | 10b 5% | I3: 1b 7% | 3b 22% | 8b 27% | J3: 1b 5% | 20b 0%
A4: 27 | B4: 0b 1% | 3b 4% | 5b 6% | C4: 2b 3% | 4b 5% | 5b 8% | 193 0% | D4: 1b 12% | E4: 1b 10% | 85b 0% | F4: 1b 15% | 100b 18% | G4: 0b 0% | H4: 0b 0% | 2b 2% | 5b 3,5% | 10b 5% | I4: 1b 7% | 3b 22% | 8b 27% | J4: 1b 5% | 20b 0% | K4: 1b 10% | 5b 15% | 192b 0%
A5: 33 | B5: 0b 1% | 2b 5% | 4b 6% | C5: 1b 4% | 5b 7% | 97b 0%
A6: 39 | E6: 1b 10% | 85b 0% | G6: 0b 0% | H6: 0b 0% | 2b 2% | 5b 3,5% | 10b 5% | I6: 1b 7% | 3b 22% | 8b 27% | J6: 1b 5% | 20b 0%
A7: 45 | B7: 0b 1% | 6b 5% | 10b 6% | C7: 2b 3% | 4b 5% | 5b 8% | 193 0% | D7: 1b 12% | E7: 1b 10% | 85b 0% | F7: 1b 15% | 100b 18% | G7: 0b 0% | H7: 0b 0% | 2b 2% | 5b 3,5% | 10b 5% | I7: 1b 7% | 3b 22% | 8b 27% | J7: 1b 5% | 20b 0% | K7: 1b 10% | 5b 15% | 192b 0% | L7: 25b 9%
A8: 55 | B8: 0b 1% | 3b 4% | 5b 6% | C8: 2b 3% | 4b 5% | 5b 8% | 193 0% | D8: 1b 12% | E8: 1b 10% | 85b 0% | F8: 1b 15% | 100b 18% | G8: 0b 0% | H8: 0b 0% | 2b 2% | 5b 3,5% | 10b 5% | I8: 1b 7% | 3b 22% | 8b 27% | J8: 1b 5% | 20b 0% | K8: 1b 10% | 5b 15% | 192b 0%
A9: 63 | B9: 0b 1% | 2b 5% | 4b 6% | C9: 1b 4% | 5b 7% | 97b 0% | D9: 1b 12% | E9: 1b 10% | 85b 0% | F9: 1b 15% | 100b 18% | G9: 0b 0% | H9: 0b 0% | 2b 2% | 5b 3,5% | 10b 5% | I9: 1b 7% | 3b 22% | 8b 27% | J9: 1b 5% | 20b 0% | K9: 1b 10% | 5b 15% | 192b 0%
A10: 71 | B10: 0b 1% | 3b 4% | 5b 6% | C10: 1b 4% | 5b 7% | 97b 0% | D10: 1b 12% | E10: 1b 10% | 85b 0% | F10: 1b 15% | 100b 18% | G10: 0b 0% | H10: 0b 0% | 2b 2% | 5b 3,5% | 10b 5% | I10: 1b 7% | 3b 22% | 8b 27% | J10: 1b 5% | 20b 0% | K10: 1b 10% | 5b 15% | 192b 0%
A11: 72 | B11: 0b 1% | 2b 5% | 4b 6% | C11: 1b 4% | 5b 7% | 97b 0% | D11: 1b 12% | E11: 1b 10% | 85b 0% | F11: 1b 15% | 100b 18% | G11: 0b 0% | H11: 0b 0% | 2b 2% | 5b 3,5% | 10b 5% | I11: 1b 7% | 3b 22% | 8b 27% | J11: 1b 5% | 20b 0% | K11: 1b 10% | 5b 15% | 192b 0%
A12: 96 | B12: 0b 1% | 2b 5% | 4b 6% | C12: 1b 4% | 5b 7% | 97b 0%
A13: 132 | B13: 0b 1% | 3b 4% | 5b 6% | C13: 2b 3% | 4b 5% | 5b 8% | 193 0% | D13: 1b 12% | E13: 1b 10% | 85b 0% | F13: 1b 15% | 100b 18% | G13: 0b 0% | H13: 0b 0% | 2b 2% | 5b 3,5% | 10b 5% | I13: 1b 7% | 3b 22% | 8b 27% | J13: 1b 5% | 20b 0% | K13: 1b 10% | 5b 15% | 192b 0%
A14: 149 | B14: 0b 1% | 2b 5% | 4b 6% | C14: 1b 4% | 5b 7% | 97b 0% | D14: 1b 12% | E14: 1b 10% | 85b 0% | F14: 1b 15% | 100b 18% | G14: 0b 0% | H14: 0b 0% | 2b 2% | 5b 3,5% | 10b 5% | I14: 1b 7% | 3b 22% | 8b 27% | J14: 1b 5% | 20b 0% | K14: 1b 10% | 5b 15% | 192b 0%
A15: 170 | B15: 0b 1% | 2b 5% | 4b 6% | C15: 1b 4% | 5b 7% | 97b 0% | E15: 1b 10% | 85b 0% | G15: 0b 0% | H15: 0b 0% | 2b 2% | 5b 3,5% | 10b 5% | I15: 1b 7% | 3b 22% | 8b 27% | J15: 1b 5% | 20b 0%
A16: 197 | B16: 0b 1% | 6b 5% | 10b 6% | C16: 2b 3% | 4b 5% | 5b 8% | 193 0% | D16: 1b 12% | E16: 1b 10% | 85b 0% | F16: 1b 15% | 100b 18% | G16: 0b 0% | H16: 0b 0% | 2b 2% | 5b 3,5% | 10b 5% | I16: 1b 7% | 3b 22% | 8b 27% | J16: 1b 5% | 20b 0% | K16: 1b 10% | 5b 15% | 192b 0%
A17: 229 | B17: 0b 1% | 2b 5% | 4b 6% | C17: 1b 4% | 5b 7% | 97b 0% | D17: 1b 12% | E17: 1b 10% | 85b 0% | F17: 1b 15% | 100b 18% | G17: 0b 0% | H17: 0b 0% | 2b 2% | 5b 3,5% | 10b 5% | I17: 1b 7% | 3b 22% | 8b 27% | J17: 1b 5% | 20b 0% | K17: 1b 10% | 5b 15% | 192b 0%
A18: 246 | B18: 0b 1% | 5b 4% | 10b 5% | 15b 6% | 25b 9% | C18: 6b 4% | 12b 5% | 15b 8% | 385b 0% | D18: 3b 12% | E18: 3b 10% | 169b 0% | F18: 3b 15% | 100b 18% | G18: 0b 0% | H18: 0b 0% | 5b 2% | 10b 3,5% | 20b 5% | I18: 1b 7% | 3b 22% | 8b 27% | J18: 3b 5% | 42b 0% | K18: 3b 10% | 10b 15% | 384b 0%
A19: 247 | B19: 0b 1% | 3b 4% | 5b 6% | C19: 1b 4% | 5b 7% | 97b 0% | E19: 1b 10% | 85b 0% | G19: 0b 0% | H19: 0b 0% | 2b 2% | 5b 3,5% | 10b 5% | I19: 1b 7% | 3b 22% | 8b 27% | J19: 1b 5% | 20b 0%
A20: 255 | B20: 0b 1% | 6b 5% | 10b 6% | C20: 1b 4% | 5b 7% | 97b 0% | D20: 1b 12% | E20: 1b 10% | 85b 0% | F20: 1b 15% | 100b 18% | G20: 0b 0% | H20: 0b 0% | 2b 2% | 5b 3,5% | 10b 5% | I20: 1b 7% | 3b 22% | 8b 27% | J20: 1b 5% | 20b 0% | K20: 1b 10% | 5b 15% | 192b 0%
A21: 289 | B21: 0b 1% | 2b 5% | 4b 6% | C21: 1b 4% | 5b 7% | 97b 0% | D21: 1b 12% | E21: 1b 10% | 85b 0% | F21: 1b 15% | 100b 18% | G21: 0b 0% | H21: 0b 0% | 2b 2% | 5b 3,5% | 10b 5% | I21: 1b 7% | 3b 22% | 8b 27% | J21: 1b 5% | 20b 0% | K21: 1b 10% | 5b 15% | 192b 0%
A22: 294 | B22: 0b 1% | 2b 5% | 4b 6% | C22: 1b 4% | 5b 7% | 97b 0% | D22: 1b 12% | E22: 1b 10% | 85b 0% | F22: 1b 15% | 100b 18% | G22: 0b 0% | H22: 0b 0% | 2b 2% | 5b 3,5% | 10b 5% | I22: 1b 7% | 3b 22% | 8b 27% | J22: 1b 5% | 20b 0% | K22: 1b 10% | 5b 15% | 192b 0%
A23: 311 | B23: 0b 1% | 2b 5% | 4b 6% | C23: 2b 3% | 4b 5% | 5b 8% | 193 0% | E23: 1b 10% | 85b 0% | G23: 0b 0% | H23: 0b 0% | 2b 2% | 5b 3,5% | 10b 5% | I23: 1b 7% | 3b 22% | 8b 27% | J23: 1b 5% | 20b 0%
A24: 312 | B24: 0b 1% | 6b 5% | 10b 6% | C24: 2b 3% | 4b 4% | 6b 5% | 10b 8% | 385b 0% | D24: 3b 12% | E24: 1b 10% | 85b 0% | F24: 3b 15% | 100b 18% | G24: 0b 0% | H24: 0b 0% | 2b 2% | 5b 3,5% | 10b 5% | I24: 1b 7% | 3b 22% | 8b 27% | J24: 1b 5% | 20b 0% | K24: 1b 10% | 5b 15% | 192b 0% | L24: 25b 9%
A25: 322 | E25: 1b 10% | 85b 0% | G25: 0b 0% | H25: 0b 0% | 2b 2% | 5b 3,5% | 10b 5% | I25: 1b 7% | 3b 22% | 8b 27% | J25: 1b 5% | 20b 0%
A26: 327 | B26: 0b 1% | 2b 5% | 4b 6% | C26: 1b 4% | 5b 7% | 97b 0% | D26: 1b 12% | E26: 1b 10% | 85b 0% | F26: 1b 15% | 100b 18% | G26: 0b 0% | H26: 0b 0% | 2b 2% | 5b 3,5% | 10b 5% | I26: 1b 7% | 3b 22% | 8b 27% | J26: 1b 5% | 20b 0% | K26: 1b 10% | 5b 15% | 192b 0%
A27: 337 | B27: 0b 1% | 2b 5% | 4b 6% | C27: 1b 4% | 5b 7% | 97b 0% | D27: 1b 12% | E27: 1b 10% | 85b 0% | F27: 1b 15% | 100b 18% | G27: 0b 0% | H27: 0b 0% | 2b 2% | 5b 3,5% | 10b 5% | I27: 1b 7% | 3b 22% | 8b 27% | J27: 1b 5% | 20b 0% | K27: 1b 10% | 5b 15% | 192b 0%
A28: 352 | B28: 0b 1% | 2b 5% | 4b 6% | C28: 1b 4% | 5b 7% | 97b 0% | D28: 1b 12% | E28: 1b 10% | 85b 0% | F28: 1b 15% | 100b 18% | G28: 0b 0% | H28: 0b 0% | 2b 2% | 5b 3,5% | 10b 5% | I28: 1b 7% | 3b 22% | 8b 27% | J28: 1b 5% | 20b 0% | K28: 1b 10% | 5b 15% | 192b 0%
A29: 369 | B29: 0b 1% | 2b 5% | 4b 6% | C29: 1b 4% | 5b 7% | 97b 0% | G29: 0b 0% | H29: 0b 0% | 2b 2% | 5b 3,5% | 10b 5% | I29: 1b 7% | 3b 22% | 8b 27% | J29: 1b 5% | 20b 0%
A30: 381 | B30: 0b 1% | 2b 5% | 4b 6% | C30: 1b 4% | 5b 7% | 97b 0% | E30: 1b 10% | 85b 0% | G30: 0b 0% | H30: 0b 0% | 2b 2% | 5b 3,5% | 10b 5% | I30: 1b 7% | 3b 22% | 8b 27% | J30: 1b 5% | 20b 0%
A31: 392 | B31: 0b 1% | 2b 5% | 4b 6% | C31: 1b 4% | 5b 7% | 97b 0% | D31: 1b 12% | E31: 1b 10% | 85b 0% | F31: 1b 15% | 100b 18% | G31: 0b 0% | H31: 0b 0% | 2b 2% | 5b 3,5% | 10b 5% | I31: 1b 7% | 3b 22% | 8b 27% | J31: 1b 5% | 20b 0% | K31: 1b 10% | 5b 15% | 192b 0%
A32: 428 | B32: 0b 1% | 2b 5% | 4b 6% | C32: 1b 4% | 5b 7% | 97b 0% | D32: 1b 12% | E32: 1b 10% | 85b 0% | F32: 1b 15% | 100b 18% | G32: 0b 0% | H32: 0b 0% | 2b 2% | 5b 3,5% | 10b 5% | I32: 1b 7% | 3b 22% | 8b 27% | J32: 1b 5% | 20b 0% | K32: 1b 10% | 5b 15% | 192b 0%
A33: 437 | B33: 0b 1% | 15b 4% | 40b 5% | 60b 9% | C33: 2b 3% | 4b 4% | 6b 5% | 10b 8% | 385b 0% | D33: 1b 12% | E33: 3b 10% | 169b 0% | F33: 1b 15% | 100b 18% | G33: 0b 0% | H33: 0b 0% | 5b 2% | 10b 3,5% | 20b 5% | I33: 1b 7% | 3b 22% | 8b 27% | J33: 3b 5% | 42b 0% | K33: 1b 10% | 5b 15% | 192b 0%
A34: 441 | E34: 1b 10% | 85b 0% | G34: 0b 0% | H34: 0b 0% | 2b 2% | 5b 3,5% | 10b 5% | I34: 1b 7% | 3b 22% | 8b 27% | J34: 1b 5% | 20b 0%
A35: 462 | B35: 0b 1% | 2b 5% | 4b 6% | C35: 1b 4% | 5b 7% | 97b 0% | D35: 1b 12% | E35: 1b 10% | 85b 0% | F35: 1b 15% | 100b 18% | G35: 0b 0% | H35: 0b 0% | 2b 2% | 5b 3,5% | 10b 5% | I35: 1b 7% | 3b 22% | 8b 27% | J35: 1b 5% | 20b 0% | K35: 1b 10% | 5b 15% | 192b 0%
A36: 493 | B36: 0b 1% | 3b 4% | 5b 6% | C36: 2b 3% | 4b 5% | 5b 8% | 193 0% | D36: 1b 12% | E36: 1b 10% | 85b 0% | F36: 1b 15% | 100b 18% | G36: 0b 0% | H36: 0b 0% | 2b 2% | 5b 3,5% | 10b 5% | I36: 1b 7% | 3b 22% | 8b 27% | J36: 1b 5% | 20b 0% | K36: 1b 10% | 5b 15% | 192b 0%
A37: 501 | B37: 0b 1% | 2b 5% | 4b 6% | C37: 2b 3% | 4b 5% | 5b 8% | 193 0% | D37: 1b 12% | E37: 1b 10% | 85b 0% | F37: 1b 15% | 100b 18% | G37: 0b 0% | H37: 0b 0% | 2b 2% | 5b 3,5% | 10b 5% | I37: 1b 7% | 3b 22% | 8b 27% | J37: 1b 5% | 20b 0% | K37: 1b 10% | 5b 15% | 192b 0%
A38: 521 | B38: 0b 1% | 2b 5% | 4b 6% | C38: 1b 4% | 5b 7% | 97b 0% | E38: 1b 10% | 85b 0% | G38: 0b 0% | H38: 0b 0% | 2b 2% | 5b 3,5% | 10b 5% | I38: 1b 7% | 3b 22% | 8b 27% | J38: 1b 5% | 20b 0%
A39: 531 | E39: 1b 10% | 85b 0% | G39: 0b 0% | H39: 0b 0% | 2b 2% | 5b 3,5% | 10b 5% | I39: 1b 7% | 3b 22% | 8b 27% | J39: 1b 5% | 20b 0%
A40: 532 | B40: 0b 1% | 2b 5% | 4b 6% | C40: 1b 4% | 5b 7% | 97b 0% | D40: 1b 12% | E40: 1b 10% | 85b 0% | F40: 1b 15% | 100b 18% | G40: 0b 0% | H40: 0b 0% | 2b 2% | 5b 3,5% | 10b 5% | I40: 1b 7% | 3b 22% | 8b 27% | J40: 1b 5% | 20b 0% | K40: 1b 10% | 5b 15% | 192b 0%
A41: 545 | B41: 0b 1% | 2b 5% | 4b 6% | C41: 1b 4% | 5b 7% | 97b 0% | E41: 1b 10% | 85b 0% | G41: 0b 0% | H41: 0b 0% | 2b 2% | 5b 3,5% | 10b 5% | I41: 1b 7% | 3b 22% | 8b 27% | J41: 1b 5% | 20b 0%
A42: 554 | B42: 0b 1% | 3b 4% | 5b 6% | C42: 1b 4% | 5b 7% | 97b 0% | D42: 1b 12% | E42: 1b 10% | 85b 0% | F42: 1b 15% | 100b 18% | G42: 0b 0% | H42: 0b 0% | 2b 2% | 5b 3,5% | 10b 5% | I42: 1b 7% | 3b 22% | 8b 27% | J42: 1b 5% | 20b 0% | K42: 1b 10% | 5b 15% | 192b 0%
A43: 573 | B43: 0b 1% | 2b 5% | 4b 6% | C43: 1b 4% | 5b 7% | 97b 0% | D43: 1b 12% | E43: 1b 10% | 85b 0% | F43: 1b 15% | 100b 18% | G43: 0b 0% | H43: 0b 0% | 2b 2% | 5b 3,5% | 10b 5% | I43: 1b 7% | 3b 22% | 8b 27% | J43: 1b 5% | 20b 0% | K43: 1b 10% | 5b 15% | 192b 0%
A44: 578 | E44: 1b 10% | 85b 0% | G44: 0b 0% | H44: 0b 0% | 2b 2% | 5b 3,5% | 10b 5% | I44: 1b 7% | 3b 22% | 8b 27% | J44: 1b 5% | 20b 0%
A45: 594 | B45: 0b 1% | 2b 5% | 4b 6% | C45: 1b 4% | 5b 7% | 97b 0% | D45: 1b 12% | E45: 1b 10% | 85b 0% | F45: 1b 15% | 100b 18% | G45: 0b 0% | H45: 0b 0% | 2b 2% | 5b 3,5% | 10b 5% | I45: 1b 7% | 3b 22% | 8b 27% | J45: 1b 5% | 20b 0% | K45: 1b 10% | 5b 15% | 192b 0%
A46: 601 | B46: 0b 1% | 6b 5% | 10b 6% | C46: 1b 4% | 5b 7% | 97b 0% | E46: 1b 10% | 85b 0% | G46: 0b 0% | H46: 0b 0% | 2b 2% | 5b 3,5% | 10b 5% | I46: 1b 7% | 3b 22% | 8b 27% | J46: 1b 5% | 20b 0%
A47: 606 | B47: 0b 1% | 3b 4% | 5b 6% | C47: 1b 4% | 5b 7% | 97b 0% | D47: 1b 12% | E47: 1b 10% | 85b 0% | F47: 1b 15% | 100b 18% | G47: 0b 0% | H47: 0b 0% | 2b 2% | 5b 3,5% | 10b 5% | I47: 1b 7% | 3b 22% | 8b 27% | J47: 1b 5% | 20b 0% | K47: 1b 10% | 5b 15% | 192b 0%
A48: 615 | B48: 0b 1% | 3b 4% | 5b 6% | C48: 2b 3% | 4b 5% | 5b 8% | 193 0% | D48: 1b 12% | E48: 1b 10% | 85b 0% | F48: 1b 15% | 100b 18% | G48: 0b 0% | H48: 0b 0% | 2b 2% | 5b 3,5% | 10b 5% | I48: 1b 7% | 3b 22% | 8b 27% | J48: 1b 5% | 20b 0% | K48: 1b 10% | 5b 15% | 192b 0%
A49: 618 | E49: 1b 10% | 85b 0% | G49: 0b 0% | H49: 0b 0% | 2b 2% | 5b 3,5% | 10b 5% | I49: 1b 7% | 3b 22% | 8b 27% | J49: 1b 5% | 20b 0%
A50: 621 | B50: 0b 1% | 3b 4% | 5b 6% | C50: 1b 4% | 5b 7% | 97b 0% | E50: 1b 10% | 85b 0% | G50: 0b 0% | H50: 0b 0% | 2b 2% | 5b 3,5% | 10b 5% | I50: 1b 7% | 3b 22% | 8b 27% | J50: 1b 5% | 20b 0%
A51: 630 | B51: 0b 1% | 6b 5% | 10b 6% | C51: 2b 3% | 4b 5% | 5b 8% | 193 0% | D51: 1b 12% | E51: 1b 10% | 85b 0% | F51: 1b 15% | 100b 18% | G51: 0b 0% | H51: 0b 0% | 2b 2% | 5b 3,5% | 10b 5% | I51: 1b 7% | 3b 22% | 8b 27% | J51: 1b 5% | 20b 0% | K51: 1b 10% | 5b 15% | 192b 0%
A52: 649 | B52: 0b 1% | 6b 5% | 10b 6% | C52: 6b 4% | 12b 5% | 15b 8% | 385b 0% | D52: 3b 12% | E52: 3b 10% | 169b 0% | F52: 3b 15% | 100b 18% | G52: 0b 0% | H52: 0b 0% | 5b 2% | 10b 3,5% | 20b 5% | I52: 1b 7% | 3b 22% | 8b 27% | J52: 3b 5% | 42b 0% | K52: 3b 10% | 10b 15% | 384b 0%
A53: 677 | B53: 0b 1% | 2b 5% | 4b 6% | C53: 1b 4% | 5b 7% | 97b 0% | D53: 1b 12% | E53: 1b 10% | 85b 0% | F53: 1b 15% | 100b 18% | G53: 0b 0% | H53: 0b 0% | 2b 2% | 5b 3,5% | 10b 5% | I53: 1b 7% | 3b 22% | 8b 27% | J53: 1b 5% | 20b 0% | K53: 1b 10% | 5b 15% | 192b 0%
A54: 697 | B54: 0b 1% | 3b 4% | 5b 6% | C54: 2b 3% | 4b 5% | 5b 8% | 193 0% | D54: 1b 12% | E54: 1b 10% | 85b 0% | F54: 1b 15% | 100b 18% | G54: 0b 0% | H54: 0b 0% | 2b 2% | 5b 3,5% | 10b 5% | I54: 1b 7% | 3b 22% | 8b 27% | J54: 1b 5% | 20b 0% | K54: 1b 10% | 5b 15% | 192b 0%
A55: 704 | B55: 0b 1% | 2b 5% | 4b 6% | C55: 2b 3% | 4b 5% | 5b 8% | 193 0% | D55: 1b 12% | E55: 1b 10% | 85b 0% | F55: 1b 15% | 100b 18% | G55: 0b 0% | H55: 0b 0% | 2b 2% | 5b 3,5% | 10b 5% | I55: 1b 7% | 3b 22% | 8b 27% | J55: 1b 5% | 20b 0% | K55: 1b 10% | 5b 15% | 192b 0%
A56: 731 | B56: 0b 1% | 2b 5% | 4b 6% | C56: 1b 4% | 5b 7% | 97b 0% | E56: 1b 10% | 85b 0% | G56: 0b 0% | H56: 0b 0% | 2b 2% | 5b 3,5% | 10b 5% | I56: 1b 7% | 3b 22% | 8b 27% | J56: 1b 5% | 20b 0%
A57: 752 | E57: 1b 10% | 85b 0% | G57: 0b 0% | H57: 0b 0% | 2b 2% | 5b 3,5% | 10b 5% | I57: 1b 7% | 3b 22% | 8b 27% | J57: 1b 5% | 20b 0%
A58: 764 | B58: 0b 1% | 6b 5% | 10b 6% | C58: 2b 3% | 4b 5% | 5b 8% | 193 0% | E58: 1b 10% | 85b 0% | G58: 0b 0% | H58: 0b 0% | 2b 2% | 5b 3,5% | 10b 5% | I58: 1b 7% | 3b 22% | 8b 27% | J58: 1b 5% | 20b 0%
A59: 781 | B59: 0b 1% | 6b 5% | 10b 6% | C59: 1b 4% | 5b 7% | 97b 0% | D59: 1b 12% | E59: 1b 10% | 85b 0% | F59: 1b 15% | 100b 18% | G59: 0b 0% | H59: 0b 0% | 2b 2% | 5b 3,5% | 10b 5% | I59: 1b 7% | 3b 22% | 8b 27% | J59: 1b 5% | 20b 0% | K59: 1b 10% | 5b 15% | 192b 0%
A60: 789 | B60: 0b 1% | 3b 4% | 5b 6% | C60: 2b 3% | 4b 5% | 5b 8% | 193 0% | D60: 1b 12% | E60: 1b 10% | 85b 0% | F60: 1b 15% | 100b 18% | G60: 0b 0% | H60: 0b 0% | 2b 2% | 5b 3,5% | 10b 5% | I60: 1b 7% | 3b 22% | 8b 27% | J60: 1b 5% | 20b 0% | K60: 1b 10% | 5b 15% | 192b 0%
A61: 833 | B61: 0b 1% | 2b 5% | 4b 6% | C61: 2b 3% | 4b 5% | 5b 8% | 193 0% | D61: 1b 12% | E61: 1b 10% | 85b 0% | F61: 1b 15% | 100b 18% | G61: 0b 0% | H61: 0b 0% | 2b 2% | 5b 3,5% | 10b 5% | I61: 1b 7% | 3b 22% | 8b 27% | J61: 1b 5% | 20b 0% | K61: 1b 10% | 5b 15% | 192b 0%
A62: 871 | B62: 0b 1% | 2b 5% | 4b 6% | C62: 1b 4% | 5b 7% | 97b 0% | D62: 1b 12% | E62: 1b 10% | 85b 0% | F62: 1b 15% | 100b 18% | G62: 0b 0% | H62: 0b 0% | 2b 2% | 5b 3,5% | 10b 5% | I62: 1b 7% | 3b 22% | 8b 27% | J62: 1b 5% | 20b 0% | K62: 1b 10% | 5b 15% | 192b 0%
A63: 874 | B63: 0b 1% | 2b 5% | 4b 6% | C63: 1b 4% | 5b 7% | 97b 0% | E63: 1b 10% | 85b 0% | G63: 0b 0% | H63: 0b 0% | 2b 2% | 5b 3,5% | 10b 5% | I63: 1b 7% | 3b 22% | 8b 27% | J63: 1b 5% | 20b 0%
A64: 906 | B64: 0b 1% | 2b 5% | 4b 6% | C64: 2b 3% | 4b 5% | 5b 8% | 193 0% | E64: 1b 10% | 85b 0% | G64: 0b 0% | H64: 0b 0% | 2b 2% | 5b 3,5% | 10b 5% | I64: 1b 7% | 3b 22% | 8b 27% | J64: 1b 5% | 20b 0%
A65: 923 | B65: 0b 1% | 6b 5% | 10b 6% | C65: 1b 4% | 5b 7% | 97b 0% | E65: 1b 10% | 85b 0% | G65: 0b 0% | H65: 0b 0% | 2b 2% | 5b 3,5% | 10b 5% | I65: 1b 7% | 3b 22% | 8b 27% | J65: 1b 5% | 20b 0%
A66: 940 | B66: 0b 1% | 6b 5% | 10b 6% | C66: 1b 4% | 5b 7% | 97b 0% | D66: 1b 12% | E66: 1b 10% | 85b 0% | F66: 1b 15% | 100b 18% | G66: 0b 0% | H66: 0b 0% | 2b 2% | 5b 3,5% | 10b 5% | I66: 1b 7% | 3b 22% | 8b 27% | J66: 1b 5% | 20b 0% | K66: 1b 10% | 5b 15% | 192b 0%
A67: 960 | B67: 0b 1% | 6b 5% | 10b 6% | C67: 2b 3% | 4b 5% | 5b 8% | 193 0% | D67: 1b 12% | E67: 1b 10% | 85b 0% | F67: 1b 15% | 100b 18% | G67: 0b 0% | H67: 0b 0% | 2b 2% | 5b 3,5% | 10b 5% | I67: 1b 7% | 3b 22% | 8b 27% | J67: 1b 5% | 20b 0% | K67: 1b 10% | 5b 15% | 192b 0%
A68: 969 | B68: 0b 1% | 3b 4% | 5b 6% | C68: 1b 4% | 5b 7% | 97b 0% | D68: 1b 12% | E68: 1b 10% | 85b 0% | F68: 1b 15% | 100b 18% | G68: 0b 0% | H68: 0b 0% | 2b 2% | 5b 3,5% | 10b 5% | I68: 1b 7% | 3b 22% | 8b 27% | J68: 1b 5% | 20b 0% | K68: 1b 10% | 5b 15% | 192b 0%
A69: 975 | B69: 0b 1% | 2b 5% | 4b 6% | C69: 1b 4% | 5b 7% | 97b 0% | E69: 1b 10% | 85b 0% | G69: 0b 0% | H69: 0b 0% | 2b 2% | 5b 3,5% | 10b 5% | I69: 1b 7% | 3b 22% | 8b 27% | J69: 1b 5% | 20b 0%
A70: 984 | B70: 0b 1% | 6b 5% | 10b 6% | C70: 1b 4% | 5b 7% | 97b 0% | D70: 1b 12% | E70: 1b 10% | 85b 0% | F70: 1b 15% | 100b 18% | G70: 0b 0% | H70: 0b 0% | 2b 2% | 5b 3,5% | 10b 5% | I70: 1b 7% | 3b 22% | 8b 27% | J70: 1b 5% | 20b 0% | K70: 1b 10% | 5b 15% | 192b 0%
A71: 997 | B71: 0b 1% | 2b 5% | 4b 6% | C71: 1b 4% | 5b 7% | 97b 0% | E71: 1b 10% | 85b 0% | G71: 0b 0% | H71: 0b 0% | 2b 2% | 5b 3,5% | 10b 5% | I71: 1b 7% | 3b 22% | 8b 27% | J71: 1b 5% | 20b 0%
A72: 999 | B72: 0b 1% | 2b 5% | 4b 6% | C72: 1b 4% | 5b 7% | 97b 0% | D72: 1b 12% | E72: 1b 10% | 85b 0% | F72: 1b 15% | 100b 18% | G72: 0b 0% | H72: 0b 0% | 2b 2% | 5b 3,5% | 10b 5% | I72: 1b 7% | 3b 22% | 8b 27% | J72: 1b 5% | 20b 0% | K72: 1b 10% | 5b 15% | 192b 0%
A73: 1000 | B73: 0b 1% | 3b 4% | 5b 6% | C73: 6b 4% | 12b 5% | 15b 8% | 385b 0% | D73: 3b 12% | E73: 3b 10% | 169b 0% | F73: 3b 15% | 100b 18% | G73: 0b 0% | H73: 0b 0% | 5b 2% | 10b 3,5% | 20b 5% | I73: 1b 7% | 3b 22% | 8b 27% | J73: 3b 5% | 42b 0% | K73: 1b 10% | 5b 15% | 192b 0%
A74: 1023 | B74: 0b 1% | 2b 5% | 4b 6% | C74: 1b 4% | 5b 7% | 97b 0% | D74: 1b 12% | E74: 1b 10% | 85b 0% | F74: 1b 15% | 100b 18% | G74: 0b 0% | H74: 0b 0% | 2b 2% | 5b 3,5% | 10b 5% | I74: 1b 7% | 3b 22% | 8b 27% | J74: 1b 5% | 20b 0% | K74: 1b 10% | 5b 15% | 192b 0%
A75: 1029 | E75: 1b 10% | 85b 0% | G75: 0b 0% | H75: 0b 0% | 2b 2% | 5b 3,5% | 10b 5% | I75: 1b 7% | 3b 22% | 8b 27% | J75: 1b 5% | 20b 0%
A76: 1036 | B76: 0b 1% | 2b 5% | 4b 6% | C76: 2b 3% | 4b 5% | 5b 8% | 193 0% | D76: 1b 12% | E76: 1b 10% | 85b 0% | F76: 1b 15% | 100b 18% | G76: 0b 0% | H76: 0b 0% | 2b 2% | 5b 3,5% | 10b 5% | I76: 1b 7% | 3b 22% | 8b 27% | J76: 1b 5% | 20b 0% | K76: 1b 10% | 5b 15% | 192b 0%
A77: 1048 | B77: 0b 1% | 6b 5% | 10b 6% | C77: 2b 3% | 4b 5% | 5b 8% | 193 0% | D77: 1b 12% | E77: 1b 10% | 85b 0% | F77: 1b 15% | 100b 18% | G77: 0b 0% | H77: 0b 0% | 2b 2% | 5b 3,5% | 10b 5% | I77: 1b 7% | 3b 22% | 8b 27% | J77: 1b 5% | 20b 0% | K77: 1b 10% | 5b 15% | 192b 0%
A78: 1070 | B78: 0b 1% | 3b 4% | 5b 6% | C78: 1b 4% | 5b 7% | 97b 0% | D78: 1b 12% | E78: 1b 10% | 85b 0% | F78: 1b 15% | 100b 18% | G78: 0b 0% | H78: 0b 0% | 2b 2% | 5b 3,5% | 10b 5% | I78: 1b 7% | 3b 22% | 8b 27% | J78: 1b 5% | 20b 0% | K78: 1b 10% | 5b 15% | 192b 0%
A79: 1080 | B79: 0b 1% | 2b 5% | 4b 6% | C79: 1b 4% | 5b 7% | 97b 0% | E79: 1b 10% | 85b 0% | G79: 0b 0% | H79: 0b 0% | 2b 2% | 5b 3,5% | 10b 5% | I79: 1b 7% | 3b 22% | 8b 27% | J79: 1b 5% | 20b 0%
A80: 1092 | B80: 0b 1% | 2b 5% | 4b 6% | C80: 1b 4% | 5b 7% | 97b 0% | D80: 1b 12% | E80: 1b 10% | 85b 0% | F80: 1b 15% | 100b 18% | G80: 0b 0% | H80: 0b 0% | 2b 2% | 5b 3,5% | 10b 5% | I80: 1b 7% | 3b 22% | 8b 27% | J80: 1b 5% | 20b 0% | K80: 1b 10% | 5b 15% | 192b 0%
A81: 1098 | B81: 0b 1% | 3b 4% | 5b 6% | C81: 1b 4% | 5b 7% | 97b 0% | D81: 1b 12% | E81: 1b 10% | 85b 0% | F81: 1b 15% | 100b 18% | G81: 0b 0% | H81: 0b 0% | 2b 2% | 5b 3,5% | 10b 5% | I81: 1b 7% | 3b 22% | 8b 27% | J81: 1b 5% | 20b 0% | K81: 1b 10% | 5b 15% | 192b 0%
A82: 1102 | B82: 0b 1% | 2b 5% | 4b 6% | C82: 1b 4% | 5b 7% | 97b 0% | D82: 1b 12% | E82: 1b 10% | 85b 0% | F82: 1b 15% | 100b 18% | G82: 0b 0% | H82: 0b 0% | 2b 2% | 5b 3,5% | 10b 5% | I82: 1b 7% | 3b 22% | 8b 27% | J82: 1b 5% | 20b 0% | K82: 1b 10% | 5b 15% | 192b 0%
A83: 1105 | B83: 0b 1% | 2b 5% | 4b 6% | C83: 1b 4% | 5b 7% | 97b 0% | D83: 1b 12% | E83: 1b 10% | 85b 0% | F83: 1b 15% | 100b 18% | G83: 0b 0% | H83: 0b 0% | 2b 2% | 5b 3,5% | 10b 5% | I83: 1b 7% | 3b 22% | 8b 27% | J83: 1b 5% | 20b 0% | K83: 1b 10% | 5b 15% | 192b 0%
A84: 1122 | B84: 0b 1% | 2b 5% | 4b 6% | E84: 1b 10% | 85b 0% | G84: 0b 0% | H84: 0b 0% | 2b 2% | 5b 3,5% | 10b 5% | I84: 1b 7% | 3b 22% | 8b 27% | J84: 1b 5% | 20b 0%
A85: 1128 | B85: 0b 1% | 2b 5% | 4b 6% | C85: 1b 4% | 5b 7% | 97b 0% | E85: 1b 10% | 85b 0% | G85: 0b 0% | H85: 0b 0% | 2b 2% | 5b 3,5% | 10b 5% | I85: 1b 7% | 3b 22% | 8b 27% | J85: 1b 5% | 20b 0%
A86: 1140 | B86: 0b 1% | 2b 5% | 4b 6% | C86: 2b 3% | 4b 5% | 5b 8% | 193 0% | E86: 1b 10% | 85b 0% | G86: 0b 0% | H86: 0b 0% | 2b 2% | 5b 3,5% | 10b 5% | I86: 1b 7% | 3b 22% | 8b 27% | J86: 1b 5% | 20b 0%
A87: 1141 | B87: 0b 1% | 2b 5% | 4b 6% | C87: 1b 4% | 5b 7% | 97b 0% | D87: 1b 12% | E87: 1b 10% | 85b 0% | F87: 1b 15% | 100b 18% | G87: 0b 0% | H87: 0b 0% | 2b 2% | 5b 3,5% | 10b 5% | I87: 1b 7% | 3b 22% | 8b 27% | J87: 1b 5% | 20b 0% | K87: 1b 10% | 5b 15% | 192b 0%
A88: 1151 | C88: 1b 4% | 5b 7% | 97b 0% | D88: 1b 12% | E88: 1b 10% | 85b 0% | F88: 1b 15% | 100b 18% | G88: 0b 0% | H88: 0b 0% | 2b 2% | 5b 3,5% | 10b 5% | I88: 1b 7% | 3b 22% | 8b 27% | J88: 1b 5% | 20b 0% | K88: 1b 10% | 5b 15% | 192b 0%
A89: 1162 | B89: 0b 1% | 2b 5% | 4b 6% | C89: 1b 4% | 5b 7% | 97b 0% | E89: 1b 10% | 85b 0% | G89: 0b 0% | H89: 0b 0% | 2b 2% | 5b 3,5% | 10b 5% | I89: 1b 7% | 3b 22% | 8b 27% | J89: 1b 5% | 20b 0%
A90: 1165 | B90: 0b 1% | 3b 4% | 5b 6% | C90: 1b 4% | 5b 7% | 97b 0% | D90: 1b 12% | E90: 1b 10% | 85b 0% | F90: 1b 15% | 100b 18% | G90: 0b 0% | H90: 0b 0% | 2b 2% | 5b 3,5% | 10b 5% | I90: 1b 7% | 3b 22% | 8b 27% | J90: 1b 5% | 20b 0% | K90: 1b 10% | 5b 15% | 192b 0%
A91: 1186 | B91: 0b 1% | 2b 5% | 4b 6% | C91: 1b 4% | 5b 7% | 97b 0% | D91: 1b 12% | E91: 1b 10% | 85b 0% | F91: 1b 15% | 100b 18% | G91: 0b 0% | H91: 0b 0% | 2b 2% | 5b 3,5% | 10b 5% | I91: 1b 7% | 3b 22% | 8b 27% | J91: 1b 5% | 20b 0% | K91: 1b 10% | 5b 15% | 192b 0%
A92: 1188 | B92: 0b 1% | 2b 5% | 4b 6% | C92: 2b 3% | 4b 5% | 5b 8% | 193 0% | D92: 1b 12% | E92: 1b 10% | 85b 0% | F92: 1b 15% | 100b 18% | G92: 0b 0% | H92: 0b 0% | 2b 2% | 5b 3,5% | 10b 5% | I92: 1b 7% | 3b 22% | 8b 27% | J92: 1b 5% | 20b 0% | K92: 1b 10% | 5b 15% | 192b 0%
A93: 1211 | B93: 0b 1% | 6b 5% | 10b 6% | C93: 1b 4% | 5b 7% | 97b 0% | D93: 1b 12% | E93: 1b 10% | 85b 0% | F93: 1b 15% | 100b 18% | G93: 0b 0% | H93: 0b 0% | 2b 2% | 5b 3,5% | 10b 5% | I93: 1b 7% | 3b 22% | 8b 27% | J93: 1b 5% | 20b 0% | K93: 1b 10% | 5b 15% | 192b 0%
A94: 1212 | B94: 0b 1% | 2b 5% | 4b 6% | C94: 1b 4% | 5b 7% | 97b 0% | D94: 1b 12% | E94: 1b 10% | 85b 0% | F94: 1b 15% | 100b 18% | G94: 0b 0% | H94: 0b 0% | 2b 2% | 5b 3,5% | 10b 5% | I94: 1b 7% | 3b 22% | 8b 27% | J94: 1b 5% | 20b 0% | K94: 1b 10% | 5b 15% | 192b 0%
A95: 1214 | E95: 1b 10% | 85b 0% | G95: 0b 0% | H95: 0b 0% | 2b 2% | 5b 3,5% | 10b 5% | I95: 1b 7% | 3b 22% | 8b 27% | J95: 1b 5% | 20b 0%
A96: 1226 | B96: 0b 1% | 5b 4% | 10b 5% | 15b 6% | 25b 9% | C96: 6b 4% | 12b 5% | 15b 8% | 385b 0% | D96: 3b 12% | E96: 3b 10% | 169b 0% | F96: 3b 15% | 100b 18% | G96: 0b 0% | H96: 0b 0% | 5b 2% | 10b 3,5% | 20b 5% | I96: 1b 7% | 3b 22% | 8b 27% | J96: 3b 5% | 42b 0% | K96: 3b 10% | 10b 15% | 384b 0%
A97: 1238 | B97: 0b 1% | 3b 4% | 5b 6% | C97: 2b 3% | 4b 5% | 5b 8% | 193 0% | D97: 1b 12% | E97: 1b 10% | 85b 0% | F97: 1b 15% | 100b 18% | G97: 0b 0% | H97: 0b 0% | 2b 2% | 5b 3,5% | 10b 5% | I97: 1b 7% | 3b 22% | 8b 27% | J97: 1b 5% | 20b 0% | K97: 1b 10% | 5b 15% | 192b 0%
A98: 1242 | B98: 0b 1% | 2b 5% | 4b 6% | C98: 1b 4% | 5b 7% | 97b 0% | E98: 1b 10% | 85b 0% | G98: 0b 0% | H98: 0b 0% | 2b 2% | 5b 3,5% | 10b 5% | I98: 1b 7% | 3b 22% | 8b 27% | J98: 1b 5% | 20b 0%
A99: 1258 | B99: 0b 1% | 6b 5% | 10b 6% | C99: 2b 3% | 4b 5% | 5b 8% | 193 0% | E99: 1b 10% | 85b 0% | G99: 0b 0% | H99: 0b 0% | 2b 2% | 5b 3,5% | 10b 5% | I99: 1b 7% | 3b 22% | 8b 27% | J99: 1b 5% | 20b 0%
A100: 1279 | B100: 0b 1% | 3b 4% | 5b 6% | C100: 2b 3% | 4b 5% | 5b 8% | 193 0% | D100: 1b 12% | E100: 1b 10% | 85b 0% | F100: 1b 15% | 100b 18% | G100: 0b 0% | H100: 0b 0% | 2b 2% | 5b 3,5% | 10b 5% | I100: 1b 7% | 3b 22% | 8b 27% | J100: 1b 5% | 20b 0% | K100: 1b 10% | 5b 15% | 192b 0%
...

Sheet Listados
A1: B2B | B1: Acción | C1: PDV | D1: Listado | E1: Detalle | G1: B2B | H1: Acción | I1: PDV | J1: Listado | K1: Detalle | M1: B2B | N1: Acción | O1: PDV | P1: Listado | Q1: Detalle | S1: B2B | T1: Acción | U1: PDV | V1: Listado | W1: Detalle | Y1: B2B | Z1: Acción | AA1: PDV | AB1: Listado | AC1: Detalle | AE1: B2B | AF1: Acción | AG1: PDV | AH1: Listado | AI1: Detalle | AK1: B2B | AL1: Acción | AM1: PDV | AN1: Listado | AO1: Detalle | AQ1: B2B | AR1: Acción | AS1: PDV | AT1: Listado | AU1: Detalle | AW1: B2B | AX1: Acción | AY1: PDV | AZ1: Listado | BA1: Detalle | BC1: B2B | BD1: Acción | BE1: PDV | BF1: Listado | BG1: Detalle | BI1: B2B | BJ1: Acción | BK1: PDV | BL1: Listado | BM1: Detalle | BO1: B2B | BP1: Acción | BQ1: PDV | BR1: Listado | BS1: Detalle | BU1: B2B | BV1: Acción | BW1: PDV | BX1: Listado | BY1: Detalle | CA1: B2B | CB1: Acción | CC1: PDV | CD1: Listado | CE1: Detalle | CG1: B2B | CH1: Acción | CI1: PDV | CJ1: Listado | CK1: Detalle | CM1: B2B | CN1: Acción | CO1: PDV | CP1: Listado | CQ1: Detalle | CS1: B2B | CT1: Acción | CU1: PDV | CV1: Listado | CW1: Detalle | CY1: B2B | CZ1: Acción | DA1: PDV | DB1: Listado | DC1: Detalle | DE1: B2B | DF1: Acción | DG1: PDV | DH1: Listado | DI1: Detalle | DK1: B2B | DL1: Acción | DM1: PDV | DN1: Listado | DO1: Detalle | DQ1: B2B | DR1: Acción | DS1: PDV | DT1: Listado | DU1: Detalle | DW1: B2B | DX1: Acción | DY1: PDV | DZ1: Listado | EA1: Detalle | EC1: B2B | ED1: Acción | EE1: PDV | EF1: Listado | EG1: Detalle | EI1: B2B | EJ1: Acción | EK1: PDV | EL1: Listado | EM1: Detalle | EO1: B2B | EP1: Acción | EQ1: PDV | ER1: Listado | ES1: Detalle | EU1: B2B | EV1: Acción | EW1: PDV | EX1: Listado | EY1: Detalle | EZ1: B2B | FA1: Acción | FB1: PDV | FC1: Listado | FD1: Detalle | FE1: B2B | FF1: Acción | FG1: PDV | FH1: Listado | FI1: Detalle | FJ1: B2B | FK1: Acción | FL1: PDV | FM1: Listado | FN1: Detalle | FO1: B2B | FP1: Acción | FQ1: PDV | FR1: Listado | FS1: Detalle | FT1: B2B | FU1: Acción | FV1: PDV | FW1: Listado | FX1: Detalle | FY1: B2B | FZ1: Acción | GA1: PDV | GB1: Listado | GC1: Detalle | GD1: B2B | GE1: Acción | GF1: PDV | GG1: Listado | GH1: Detalle
A2: 246 | B2: TIER 1 CORE AS | C2: =+IFERROR(VALUE(RIGHT(Tabla1[[#This Row],[B2B]],6)),"") -> 246 | D2: =+IFERROR(VLOOKUP(B2,Auxiliar!$A:$C,2,0),"") -> CORE | E2: =+IFERROR(VLOOKUP(B2,Auxiliar!$A:$C,3,0),"") -> 0b 1% | 5b 4% | 10b 5% | 15b 6% | 25b 9% | G2: 437 | H2: TIER 2 CORE AS | I2: =+IFERROR(VALUE(RIGHT(Tabla2[[#This Row],[B2B]],6)),"") -> 437 | J2: =+IFERROR(VLOOKUP(H2,Auxiliar!$A:$C,2,0),"") -> CORE | K2: =+IFERROR(VLOOKUP(H2,Auxiliar!$A:$C,3,0),"") -> 0b 1% | 15b 4% | 40b 5% | 60b 9% | M2: 3936 | N2: TIER 3 CORE AS | O2: =+IFERROR(VALUE(RIGHT(Tabla3[[#This Row],[B2B]],6)),"") -> 3936 | P2: =+IFERROR(VLOOKUP(N2,Auxiliar!$A:$C,2,0),"") -> CORE | Q2: =+IFERROR(VLOOKUP(N2,Auxiliar!$A:$C,3,0),"") -> 0b 1% | 60b 4% | 100b 8% | 150b 9% | S2: 6 | T2: TIER 1 CORE KT | U2: =+IFERROR(VALUE(RIGHT(Tabla4[[#This Row],[B2B]],6)),"") -> 6 | V2: =+IFERROR(VLOOKUP(T2,Auxiliar!$A:$C,2,0),"") -> CORE | W2: =+IFERROR(VLOOKUP(T2,Auxiliar!$A:$C,3,0),"") -> 0b 1% | 2b 5% | 4b 6% | Y2: 27 | Z2: TIER 2 CORE KT | AA2: =+IFERROR(VALUE(RIGHT(Tabla5[[#This Row],[B2B]],6)),"") -> 27 | AB2: =+IFERROR(VLOOKUP(Z2,Auxiliar!$A:$C,2,0),"") -> CORE | AC2: =+IFERROR(VLOOKUP(Z2,Auxiliar!$A:$C,3,0),"") -> 0b 1% | 3b 4% | 5b 6% | AE2: 45 | AF2: TIER 3 CORE KT | AG2: =+IFERROR(VALUE(RIGHT(Tabla6[[#This Row],[B2B]],6)),"") -> 45 | AH2: =+IFERROR(VLOOKUP(AF2,Auxiliar!$A:$C,2,0),"") -> CORE | AI2: =+IFERROR(VLOOKUP(AF2,Auxiliar!$A:$C,3,0),"") -> 0b 1% | 6b 5% | 10b 6% | AK2: 6 | AL2: LATONES KT 1 | AM2: =+IFERROR(VALUE(RIGHT(Tabla7[[#This Row],[B2B]],6)),"") -> 6 | AN2: =+IFERROR(VLOOKUP(AL2,Auxiliar!$A:$C,2,0),"") -> LATONES | AO2: =+IFERROR(VLOOKUP(AL2,Auxiliar!$A:$C,3,0),"") -> 1b 4% | 5b 7% | 97b 0% | AQ2: 27 | AR2: LATONES KT 2 | AS2: =+IFERROR(VALUE(RIGHT(Tabla8[[#This Row],[B2B]],6)),"") -> 27 | AT2: =+IFERROR(VLOOKUP(AR2,Auxiliar!$A:$C,2,0),"") -> LATONES | AU2: =+IFERROR(VLOOKUP(AR2,Auxiliar!$A:$C,3,0),"") -> 2b 3% | 4b 5% | 5b 8% | 193 0% | AW2: 312 | AX2: LATONES AS 1 | AY2: =+IFERROR(VALUE(RIGHT(Tabla9[[#This Row],[B2B]],6)),"") -> 312 | AZ2: =+IFERROR(VLOOKUP(AX2,Auxiliar!$A:$C,2,0),"") -> LATONES | BA2: =+IFERROR(VLOOKUP(AX2,Auxiliar!$A:$C,3,0),"") -> 2b 3% | 4b 4% | 6b 5% | 10b 8% | 385b 0% | BC2: 246 | BD2: LATONES AS 2 | BE2: =+IFERROR(VALUE(RIGHT(Tabla10[[#This Row],[B2B]],6)),"") -> 246 | BF2: =+IFERROR(VLOOKUP(BD2,Auxiliar!$A:$C,2,0),"") -> LATONES | BG2: =+IFERROR(VLOOKUP(BD2,Auxiliar!$A:$C,3,0),"") -> 6b 4% | 12b 5% | 15b 8% | 385b 0% | BI2: 3897 | BJ2: 1890 LITRO AS | BK2: =+IFERROR(VALUE(RIGHT(Tabla11[[#This Row],[B2B]],6)),"") -> 3897 | BL2: =+IFERROR(VLOOKUP(BJ2,Auxiliar!$A:$C,2,0),"") -> VALUE LITRO | BM2: =+IFERROR(VLOOKUP(BJ2,Auxiliar!$A:$C,3,0),"") -> 3b 12% | BO2: 5508 | BP2: 1890 LITRO KT | BQ2: =+IFERROR(VALUE(RIGHT(Tabla12[[#This Row],[B2B]],6)),"") -> 5508 | BR2: =+IFERROR(VLOOKUP(BP2,Auxiliar!$A:$C,2,0),"") -> VALUE LITRO | BS2: =+IFERROR(VLOOKUP(BP2,Auxiliar!$A:$C,3,0),"") -> 1b 12% | BU2: 246 | BV2: CORONA 710 AS | BW2: =+IFERROR(VALUE(RIGHT(Tabla13[[#This Row],[B2B]],6)),"") -> 246 | BX2: =+IFERROR(VLOOKUP(BV2,Auxiliar!$A:$C,2,0),"") -> Corona 710cc | BY2: =+IFERROR(VLOOKUP(BV2,Auxiliar!$A:$C,3,0),"") -> 3b 10% | 169b 0% | CA2: 6 | CB2: CORONA 710 KT | CC2: =+IFERROR(VALUE(RIGHT(Tabla14[[#This Row],[B2B]],6)),"") -> 6 | CD2: =+IFERROR(VLOOKUP(CB2,Auxiliar!$A:$C,2,0),"") -> Corona 710cc | CE2: =+IFERROR(VLOOKUP(CB2,Auxiliar!$A:$C,3,0),"") -> 1b 10% | 85b 0% | CG2: 3897 | CH2: 1890 LATA AS | CI2: =+IFERROR(VALUE(RIGHT(Tabla15[[#This Row],[B2B]],6)),"") -> 3897 | CJ2: =+IFERROR(VLOOKUP(CH2,Auxiliar!$A:$C,2,0),"") -> VALUE LATA | CK2: =+IFERROR(VLOOKUP(CH2,Auxiliar!$A:$C,3,0),"") -> 3b 15% | 100b 18% | CM2: 6 | CN2: SIN ALCOHOL | CO2: 6 | CP2: SIN ALCOHOL | CQ2: 0b 0% | CS2: 246 | CT2: AO, PAT y SA - AS | CU2: =+IFERROR(VALUE(RIGHT(Tabla17[[#This Row],[B2B]],6)),"") -> 246 | CV2: =+IFERROR(VLOOKUP(CT2,Auxiliar!$A:$C,2,0),"") -> PREMIUM | CW2: =+IFERROR(VLOOKUP(CT2,Auxiliar!$A:$C,3,0),"") -> 0b 0% | 5b 2% | 10b 3,5% | 20b 5% | CY2: 6 | CZ2: AO, PAT y SA - K+T | DA2: =+IFERROR(VALUE(RIGHT(Tabla18[[#This Row],[B2B]],6)),"") -> 6 | DB2: =+IFERROR(VLOOKUP(CZ2,Auxiliar!$A:$C,2,0),"") -> PREMIUM | DC2: =+IFERROR(VLOOKUP(CZ2,Auxiliar!$A:$C,3,0),"") -> 0b 0% | 2b 2% | 5b 3,5% | 10b 5% | DE2: 6 | DF2: MICHELOB | DG2: =+IFERROR(VALUE(RIGHT(Tabla19[[#This Row],[B2B]],6)),"") -> 6 | DH2: =+IFERROR(VLOOKUP(DF2,Auxiliar!$A:$C,2,0),"") -> MICHELOB | DI2: =+IFERROR(VLOOKUP(DF2,Auxiliar!$A:$C,3,0),"") -> 1b 7% | 3b 22% | 8b 27% | DK2: 246 | DL2: CORONA PORRON AS | DM2: =+IFERROR(VALUE(RIGHT(Tabla20[[#This Row],[B2B]],6)),"") -> 246 | DN2: =+IFERROR(VLOOKUP(DL2,Auxiliar!$A:$C,2,0),"") -> CORONA PORRON | DO2: =+IFERROR(VLOOKUP(DL2,Auxiliar!$A:$C,3,0),"") -> 3b 5% | 42b 0% | DQ2: 6 | DR2: CORONA PORRON KT | DS2: =+IFERROR(VALUE(RIGHT(Tabla21[[#This Row],[B2B]],6)),"") -> 6 | DT2: =+IFERROR(VLOOKUP(DR2,Auxiliar!$A:$C,2,0),"") -> CORONA PORRON | DU2: =+IFERROR(VLOOKUP(DR2,Auxiliar!$A:$C,3,0),"") -> 1b 5% | 20b 0% | DW2: 5508 | DX2: 1890 LATA KT | DY2: =+IFERROR(VALUE(RIGHT(Tabla22[[#This Row],[B2B]],6)),"") -> 5508 | DZ2: =+IFERROR(VLOOKUP(DX2,Auxiliar!$A:$C,2,0),"") -> VALUE LATA | EA2: =+IFERROR(VLOOKUP(DX2,Auxiliar!$A:$C,3,0),"") -> 1b 15% | 100b 18% | EC2: 5508 | ED2: 1890 LATON | EE2: =+IFERROR(VALUE(RIGHT(Tabla23[[#This Row],[B2B]],6)),"") -> 5508 | EF2: =+IFERROR(VLOOKUP(ED2,Auxiliar!$A:$C,2,0),"") -> VALUE LATON | EG2: =+IFERROR(VLOOKUP(ED2,Auxiliar!$A:$C,3,0),"") -> 1b 10% | 5b 15% | 192b 0% | EI2: 3897 | EJ2: 1890 LATON AS | EK2: =+IFERROR(VALUE(RIGHT(Tabla24[[#This Row],[B2B]],6)),"") -> 3897 | EL2: =+IFERROR(VLOOKUP(EJ2,Auxiliar!$A:$C,2,0),"") -> VALUE LATON | EM2: =+IFERROR(VLOOKUP(EJ2,Auxiliar!$A:$C,3,0),"") -> 3b 10% | 10b 15% | 384b 0% | EO2: 3817 | EP2: LLENADO KT 1 | EQ2: =+IFERROR(VALUE(RIGHT(Tabla25[[#This Row],[B2B]],6)),"") -> 3817 | ER2: =+IFERROR(VLOOKUP(EP2,Auxiliar!$A:$C,2,0),"") -> CORE 2 | ES2: =+IFERROR(VLOOKUP(EP2,Auxiliar!$A:$C,3,0),"") -> 6b 9% | EU2: 3608 | EV2: LLENADO KT 2 | EW2: =+IFERROR(VALUE(RIGHT(Tabla26[[#This Row],[B2B]],6)),"") -> 3608 | EX2: =+IFERROR(VLOOKUP(EV2,Auxiliar!$A:$C,2,0),"") -> CORE 2 | EY2: =+IFERROR(VLOOKUP(EV2,Auxiliar!$A:$C,3,0),"") -> 10b 9% | EZ2: 45 | FA2: LLENADO KT 3 | FB2: =+IFERROR(VALUE(RIGHT(Tabla27[[#This Row],[B2B]],6)),"") -> 45 | FC2: =+IFERROR(VLOOKUP(FA2,Auxiliar!$A:$C,2,0),"") -> CORE 2 | FD2: =+IFERROR(VLOOKUP(FA2,Auxiliar!$A:$C,3,0),"") -> 25b 9% | FG2: =+IFERROR(VALUE(RIGHT(Tabla28[[#This Row],[B2B]],6)),"") | FH2: =+IFERROR(VLOOKUP(FF2,Auxiliar!$A:$C,2,0),"") | FI2: =+IFERROR(VLOOKUP(FF2,Auxiliar!$A:$C,3,0),"") | FL2: =+IFERROR(VALUE(RIGHT(Tabla29[[#This Row],[B2B]],6)),"") | FM2: =+IFERROR(VLOOKUP(FK2,Auxiliar!$A:$C,2,0),"") | FN2: =+IFERROR(VLOOKUP(FK2,Auxiliar!$A:$C,3,0),"") | FQ2: =+IFERROR(VALUE(RIGHT(Tabla30[[#This Row],[B2B]],6)),"") | FR2: =+IFERROR(VLOOKUP(FP2,Auxiliar!$A:$C,2,0),"") | FV2: =+IFERROR(VALUE(RIGHT(Tabla31[[#This Row],[B2B]],6)),"") | FW2: =+IFERROR(VLOOKUP(FU2,Auxiliar!$A:$C,2,0),"") | FX2: =+IFERROR(VLOOKUP(FU2,Auxiliar!$A:$C,3,0),"") | GA2: =+IFERROR(VALUE(RIGHT(Tabla32[[#This Row],[B2B]],6)),"") | GB2: =+IFERROR(VLOOKUP(FZ2,Auxiliar!$A:$C,2,0),"") | GC2: =+IFERROR(VLOOKUP(FZ2,Auxiliar!$A:$C,3,0),"") | GF2: =+IFERROR(VALUE(RIGHT(Tabla33[[#This Row],[B2B]],6)),"") | GG2: =+IFERROR(VLOOKUP(GE2,Auxiliar!$A:$C,2,0),"") | GH2: =+IFERROR(VLOOKUP(GE2,Auxiliar!$A:$C,3,0),"")
A3: 1226 | B3: TIER 1 CORE AS | C3: =+IFERROR(VALUE(RIGHT(Tabla1[[#This Row],[B2B]],6)),"") -> 1226 | D3: =+IFERROR(VLOOKUP(B3,Auxiliar!$A:$C,2,0),"") -> CORE | E3: =+IFERROR(VLOOKUP(B3,Auxiliar!$A:$C,3,0),"") -> 0b 1% | 5b 4% | 10b 5% | 15b 6% | 25b 9% | G3: 2940 | H3: TIER 2 CORE AS | I3: =+IFERROR(VALUE(RIGHT(Tabla2[[#This Row],[B2B]],6)),"") -> 2940 | J3: =+IFERROR(VLOOKUP(H3,Auxiliar!$A:$C,2,0),"") -> CORE | K3: =+IFERROR(VLOOKUP(H3,Auxiliar!$A:$C,3,0),"") -> 0b 1% | 15b 4% | 40b 5% | 60b 9% | M3: 11743 | N3: TIER 3 CORE AS | O3: =+IFERROR(VALUE(RIGHT(Tabla3[[#This Row],[B2B]],6)),"") -> 11743 | P3: =+IFERROR(VLOOKUP(N3,Auxiliar!$A:$C,2,0),"") -> CORE | Q3: =+IFERROR(VLOOKUP(N3,Auxiliar!$A:$C,3,0),"") -> 0b 1% | 60b 4% | 100b 8% | 150b 9% | S3: 15 | T3: TIER 1 CORE KT | U3: =+IFERROR(VALUE(RIGHT(Tabla4[[#This Row],[B2B]],6)),"") -> 15 | V3: =+IFERROR(VLOOKUP(T3,Auxiliar!$A:$C,2,0),"") -> CORE | W3: =+IFERROR(VLOOKUP(T3,Auxiliar!$A:$C,3,0),"") -> 0b 1% | 2b 5% | 4b 6% | Y3: 55 | Z3: TIER 2 CORE KT | AA3: =+IFERROR(VALUE(RIGHT(Tabla5[[#This Row],[B2B]],6)),"") -> 55 | AB3: =+IFERROR(VLOOKUP(Z3,Auxiliar!$A:$C,2,0),"") -> CORE | AC3: =+IFERROR(VLOOKUP(Z3,Auxiliar!$A:$C,3,0),"") -> 0b 1% | 3b 4% | 5b 6% | AE3: 197 | AF3: TIER 3 CORE KT | AG3: =+IFERROR(VALUE(RIGHT(Tabla6[[#This Row],[B2B]],6)),"") -> 197 | AH3: =+IFERROR(VLOOKUP(AF3,Auxiliar!$A:$C,2,0),"") -> CORE | AI3: =+IFERROR(VLOOKUP(AF3,Auxiliar!$A:$C,3,0),"") -> 0b 1% | 6b 5% | 10b 6% | AK3: 15 | AL3: LATONES KT 1 | AM3: =+IFERROR(VALUE(RIGHT(Tabla7[[#This Row],[B2B]],6)),"") -> 15 | AN3: =+IFERROR(VLOOKUP(AL3,Auxiliar!$A:$C,2,0),"") -> LATONES | AO3: =+IFERROR(VLOOKUP(AL3,Auxiliar!$A:$C,3,0),"") -> 1b 4% | 5b 7% | 97b 0% | AQ3: 45 | AR3: LATONES KT 2 | AS3: =+IFERROR(VALUE(RIGHT(Tabla8[[#This Row],[B2B]],6)),"") -> 45 | AT3: =+IFERROR(VLOOKUP(AR3,Auxiliar!$A:$C,2,0),"") -> LATONES | AU3: =+IFERROR(VLOOKUP(AR3,Auxiliar!$A:$C,3,0),"") -> 2b 3% | 4b 5% | 5b 8% | 193 0% | AW3: 437 | AX3: LATONES AS 1 | AY3: =+IFERROR(VALUE(RIGHT(Tabla9[[#This Row],[B2B]],6)),"") -> 437 | AZ3: =+IFERROR(VLOOKUP(AX3,Auxiliar!$A:$C,2,0),"") -> LATONES | BA3: =+IFERROR(VLOOKUP(AX3,Auxiliar!$A:$C,3,0),"") -> 2b 3% | 4b 4% | 6b 5% | 10b 8% | 385b 0% | BC3: 649 | BD3: LATONES AS 2 | BE3: =+IFERROR(VALUE(RIGHT(Tabla10[[#This Row],[B2B]],6)),"") -> 649 | BF3: =+IFERROR(VLOOKUP(BD3,Auxiliar!$A:$C,2,0),"") -> LATONES | BG3: =+IFERROR(VLOOKUP(BD3,Auxiliar!$A:$C,3,0),"") -> 6b 4% | 12b 5% | 15b 8% | 385b 0% | BI3: 3924 | BJ3: 1890 LITRO AS | BK3: =+IFERROR(VALUE(RIGHT(Tabla11[[#This Row],[B2B]],6)),"") -> 3924 | BL3: =+IFERROR(VLOOKUP(BJ3,Auxiliar!$A:$C,2,0),"") -> VALUE LITRO | BM3: =+IFERROR(VLOOKUP(BJ3,Auxiliar!$A:$C,3,0),"") -> 3b 12% | BO3: 5526 | BP3: 1890 LITRO KT | BQ3: =+IFERROR(VALUE(RIGHT(Tabla12[[#This Row],[B2B]],6)),"") -> 5526 | BR3: =+IFERROR(VLOOKUP(BP3,Auxiliar!$A:$C,2,0),"") -> VALUE LITRO | BS3: =+IFERROR(VLOOKUP(BP3,Auxiliar!$A:$C,3,0),"") -> 1b 12% | BU3: 437 | BV3: CORONA 710 AS | BW3: =+IFERROR(VALUE(RIGHT(Tabla13[[#This Row],[B2B]],6)),"") -> 437 | BX3: =+IFERROR(VLOOKUP(BV3,Auxiliar!$A:$C,2,0),"") -> Corona 710cc | BY3: =+IFERROR(VLOOKUP(BV3,Auxiliar!$A:$C,3,0),"") -> 3b 10% | 169b 0% | CA3: 15 | CB3: CORONA 710 KT | CC3: =+IFERROR(VALUE(RIGHT(Tabla14[[#This Row],[B2B]],6)),"") -> 15 | CD3: =+IFERROR(VLOOKUP(CB3,Auxiliar!$A:$C,2,0),"") -> Corona 710cc | CE3: =+IFERROR(VLOOKUP(CB3,Auxiliar!$A:$C,3,0),"") -> 1b 10% | 85b 0% | CG3: 3924 | CH3: 1890 LATA AS | CI3: =+IFERROR(VALUE(RIGHT(Tabla15[[#This Row],[B2B]],6)),"") -> 3924 | CJ3: =+IFERROR(VLOOKUP(CH3,Auxiliar!$A:$C,2,0),"") -> VALUE LATA | CK3: =+IFERROR(VLOOKUP(CH3,Auxiliar!$A:$C,3,0),"") -> 3b 15% | 100b 18% | CM3: 15 | CN3: SIN ALCOHOL | CO3: 15 | CP3: SIN ALCOHOL | CQ3: 0b 0% | CS3: 437 | CT3: AO, PAT y SA - AS | CU3: =+IFERROR(VALUE(RIGHT(Tabla17[[#This Row],[B2B]],6)),"") -> 437 | CV3: =+IFERROR(VLOOKUP(CT3,Auxiliar!$A:$C,2,0),"") -> PREMIUM | CW3: =+IFERROR(VLOOKUP(CT3,Auxiliar!$A:$C,3,0),"") -> 0b 0% | 5b 2% | 10b 3,5% | 20b 5% | CY3: 15 | CZ3: AO, PAT y SA - K+T | DA3: =+IFERROR(VALUE(RIGHT(Tabla18[[#This Row],[B2B]],6)),"") -> 15 | DB3: =+IFERROR(VLOOKUP(CZ3,Auxiliar!$A:$C,2,0),"") -> PREMIUM | DC3: =+IFERROR(VLOOKUP(CZ3,Auxiliar!$A:$C,3,0),"") -> 0b 0% | 2b 2% | 5b 3,5% | 10b 5% | DE3: 15 | DF3: MICHELOB | DG3: =+IFERROR(VALUE(RIGHT(Tabla19[[#This Row],[B2B]],6)),"") -> 15 | DH3: =+IFERROR(VLOOKUP(DF3,Auxiliar!$A:$C,2,0),"") -> MICHELOB | DI3: =+IFERROR(VLOOKUP(DF3,Auxiliar!$A:$C,3,0),"") -> 1b 7% | 3b 22% | 8b 27% | DK3: 437 | DL3: CORONA PORRON AS | DM3: =+IFERROR(VALUE(RIGHT(Tabla20[[#This Row],[B2B]],6)),"") -> 437 | DN3: =+IFERROR(VLOOKUP(DL3,Auxiliar!$A:$C,2,0),"") -> CORONA PORRON | DO3: =+IFERROR(VLOOKUP(DL3,Auxiliar!$A:$C,3,0),"") -> 3b 5% | 42b 0% | DQ3: 15 | DR3: CORONA PORRON KT | DS3: =+IFERROR(VALUE(RIGHT(Tabla21[[#This Row],[B2B]],6)),"") -> 15 | DT3: =+IFERROR(VLOOKUP(DR3,Auxiliar!$A:$C,2,0),"") -> CORONA PORRON | DU3: =+IFERROR(VLOOKUP(DR3,Auxiliar!$A:$C,3,0),"") -> 1b 5% | 20b 0% | DW3: 5526 | DX3: 1890 LATA KT | DY3: =+IFERROR(VALUE(RIGHT(Tabla22[[#This Row],[B2B]],6)),"") -> 5526 | DZ3: =+IFERROR(VLOOKUP(DX3,Auxiliar!$A:$C,2,0),"") -> VALUE LATA | EA3: =+IFERROR(VLOOKUP(DX3,Auxiliar!$A:$C,3,0),"") -> 1b 15% | 100b 18% | EC3: 5526 | ED3: 1890 LATON | EE3: =+IFERROR(VALUE(RIGHT(Tabla23[[#This Row],[B2B]],6)),"") -> 5526 | EF3: =+IFERROR(VLOOKUP(ED3,Auxiliar!$A:$C,2,0),"") -> VALUE LATON | EG3: =+IFERROR(VLOOKUP(ED3,Auxiliar!$A:$C,3,0),"") -> 1b 10% | 5b 15% | 192b 0% | EI3: 3936 | EJ3: 1890 LATON AS | EK3: =+IFERROR(VALUE(RIGHT(Tabla24[[#This Row],[B2B]],6)),"") -> 3936 | EL3: =+IFERROR(VLOOKUP(EJ3,Auxiliar!$A:$C,2,0),"") -> VALUE LATON | EM3: =+IFERROR(VLOOKUP(EJ3,Auxiliar!$A:$C,3,0),"") -> 3b 10% | 10b 15% | 384b 0% | EQ3: =+IFERROR(VALUE(RIGHT(Tabla25[[#This Row],[B2B]],6)),"") | ER3: =+IFERROR(VLOOKUP(EP3,Auxiliar!$A:$C,2,0),"") | ES3: =+IFERROR(VLOOKUP(EP3,Auxiliar!$A:$C,3,0),"") | EW3: =+IFERROR(VALUE(RIGHT(Tabla26[[#This Row],[B2B]],6)),"") | EX3: =+IFERROR(VLOOKUP(EV3,Auxiliar!$A:$C,2,0),"") | EY3: =+IFERROR(VLOOKUP(EV3,Auxiliar!$A:$C,3,0),"") | EZ3: 312 | FA3: LLENADO KT 3 | FB3: =+IFERROR(VALUE(RIGHT(Tabla27[[#This Row],[B2B]],6)),"") -> 312 | FC3: =+IFERROR(VLOOKUP(FA3,Auxiliar!$A:$C,2,0),"") -> CORE 2 | FD3: =+IFERROR(VLOOKUP(FA3,Auxiliar!$A:$C,3,0),"") -> 25b 9% | FG3: =+IFERROR(VALUE(RIGHT(Tabla28[[#This Row],[B2B]],6)),"") | FH3: =+IFERROR(VLOOKUP(FF3,Auxiliar!$A:$C,2,0),"") | FI3: =+IFERROR(VLOOKUP(FF3,Auxiliar!$A:$C,3,0),"") | FL3: =+IFERROR(VALUE(RIGHT(Tabla29[[#This Row],[B2B]],6)),"") | FM3: =+IFERROR(VLOOKUP(FK3,Auxiliar!$A:$C,2,0),"") | FN3: =+IFERROR(VLOOKUP(FK3,Auxiliar!$A:$C,3,0),"") | FQ3: =+IFERROR(VALUE(RIGHT(Tabla30[[#This Row],[B2B]],6)),"") | FR3: =+IFERROR(VLOOKUP(FP3,Auxiliar!$A:$C,2,0),"") | FV3: =+IFERROR(VALUE(RIGHT(Tabla31[[#This Row],[B2B]],6)),"") | FW3: =+IFERROR(VLOOKUP(FU3,Auxiliar!$A:$C,2,0),"") | FX3: =+IFERROR(VLOOKUP(FU3,Auxiliar!$A:$C,3,0),"") | GA3: =+IFERROR(VALUE(RIGHT(Tabla32[[#This Row],[B2B]],6)),"") | GB3: =+IFERROR(VLOOKUP(FZ3,Auxiliar!$A:$C,2,0),"") | GC3: =+IFERROR(VLOOKUP(FZ3,Auxiliar!$A:$C,3,0),"") | GF3: =+IFERROR(VALUE(RIGHT(Tabla33[[#This Row],[B2B]],6)),"") | GG3: =+IFERROR(VLOOKUP(GE3,Auxiliar!$A:$C,2,0),"") | GH3: =+IFERROR(VLOOKUP(GE3,Auxiliar!$A:$C,3,0),"")
A4: 2451 | B4: TIER 1 CORE AS | C4: =+IFERROR(VALUE(RIGHT(Tabla1[[#This Row],[B2B]],6)),"") -> 2451 | D4: =+IFERROR(VLOOKUP(B4,Auxiliar!$A:$C,2,0),"") -> CORE | E4: =+IFERROR(VLOOKUP(B4,Auxiliar!$A:$C,3,0),"") -> 0b 1% | 5b 4% | 10b 5% | 15b 6% | 25b 9% | G4: 3474 | H4: TIER 2 CORE AS | I4: =+IFERROR(VALUE(RIGHT(Tabla2[[#This Row],[B2B]],6)),"") -> 3474 | J4: =+IFERROR(VLOOKUP(H4,Auxiliar!$A:$C,2,0),"") -> CORE | K4: =+IFERROR(VLOOKUP(H4,Auxiliar!$A:$C,3,0),"") -> 0b 1% | 15b 4% | 40b 5% | 60b 9% | O4: =+IFERROR(VALUE(RIGHT(Tabla3[[#This Row],[B2B]],6)),"") | P4: =+IFERROR(VLOOKUP(N4,Auxiliar!$A:$C,2,0),"") | Q4: =+IFERROR(VLOOKUP(N4,Auxiliar!$A:$C,3,0),"") | S4: 33 | T4: TIER 1 CORE KT | U4: =+IFERROR(VALUE(RIGHT(Tabla4[[#This Row],[B2B]],6)),"") -> 33 | V4: =+IFERROR(VLOOKUP(T4,Auxiliar!$A:$C,2,0),"") -> CORE | W4: =+IFERROR(VLOOKUP(T4,Auxiliar!$A:$C,3,0),"") -> 0b 1% | 2b 5% | 4b 6% | Y4: 71 | Z4: TIER 2 CORE KT | AA4: =+IFERROR(VALUE(RIGHT(Tabla5[[#This Row],[B2B]],6)),"") -> 71 | AB4: =+IFERROR(VLOOKUP(Z4,Auxiliar!$A:$C,2,0),"") -> CORE | AC4: =+IFERROR(VLOOKUP(Z4,Auxiliar!$A:$C,3,0),"") -> 0b 1% | 3b 4% | 5b 6% | AE4: 255 | AF4: TIER 3 CORE KT | AG4: =+IFERROR(VALUE(RIGHT(Tabla6[[#This Row],[B2B]],6)),"") -> 255 | AH4: =+IFERROR(VLOOKUP(AF4,Auxiliar!$A:$C,2,0),"") -> CORE | AI4: =+IFERROR(VLOOKUP(AF4,Auxiliar!$A:$C,3,0),"") -> 0b 1% | 6b 5% | 10b 6% | AK4: 33 | AL4: LATONES KT 1 | AM4: =+IFERROR(VALUE(RIGHT(Tabla7[[#This Row],[B2B]],6)),"") -> 33 | AN4: =+IFERROR(VLOOKUP(AL4,Auxiliar!$A:$C,2,0),"") -> LATONES | AO4: =+IFERROR(VLOOKUP(AL4,Auxiliar!$A:$C,3,0),"") -> 1b 4% | 5b 7% | 97b 0% | AQ4: 55 | AR4: LATONES KT 2 | AS4: =+IFERROR(VALUE(RIGHT(Tabla8[[#This Row],[B2B]],6)),"") -> 55 | AT4: =+IFERROR(VLOOKUP(AR4,Auxiliar!$A:$C,2,0),"") -> LATONES | AU4: =+IFERROR(VLOOKUP(AR4,Auxiliar!$A:$C,3,0),"") -> 2b 3% | 4b 5% | 5b 8% | 193 0% | AW4: 2822 | AX4: LATONES AS 1 | AY4: =+IFERROR(VALUE(RIGHT(Tabla9[[#This Row],[B2B]],6)),"") -> 2822 | AZ4: =+IFERROR(VLOOKUP(AX4,Auxiliar!$A:$C,2,0),"") -> LATONES | BA4: =+IFERROR(VLOOKUP(AX4,Auxiliar!$A:$C,3,0),"") -> 2b 3% | 4b 4% | 6b 5% | 10b 8% | 385b 0% | BC4: 1000 | BD4: LATONES AS 2 | BE4: =+IFERROR(VALUE(RIGHT(Tabla10[[#This Row],[B2B]],6)),"") -> 1000 | BF4: =+IFERROR(VLOOKUP(BD4,Auxiliar!$A:$C,2,0),"") -> LATONES | BG4: =+IFERROR(VLOOKUP(BD4,Auxiliar!$A:$C,3,0),"") -> 6b 4% | 12b 5% | 15b 8% | 385b 0% | BI4: 3936 | BJ4: 1890 LITRO AS | BK4: =+IFERROR(VALUE(RIGHT(Tabla11[[#This Row],[B2B]],6)),"") -> 3936 | BL4: =+IFERROR(VLOOKUP(BJ4,Auxiliar!$A:$C,2,0),"") -> VALUE LITRO | BM4: =+IFERROR(VLOOKUP(BJ4,Auxiliar!$A:$C,3,0),"") -> 3b 12% | BO4: 5535 | BP4: 1890 LITRO KT | BQ4: =+IFERROR(VALUE(RIGHT(Tabla12[[#This Row],[B2B]],6)),"") -> 5535 | BR4: =+IFERROR(VLOOKUP(BP4,Auxiliar!$A:$C,2,0),"") -> VALUE LITRO | BS4: =+IFERROR(VLOOKUP(BP4,Auxiliar!$A:$C,3,0),"") -> 1b 12% | BU4: 649 | BV4: CORONA 710 AS | BW4: =+IFERROR(VALUE(RIGHT(Tabla13[[#This Row],[B2B]],6)),"") -> 649 | BX4: =+IFERROR(VLOOKUP(BV4,Auxiliar!$A:$C,2,0),"") -> Corona 710cc | BY4: =+IFERROR(VLOOKUP(BV4,Auxiliar!$A:$C,3,0),"") -> 3b 10% | 169b 0% | CA4: 27 | CB4: CORONA 710 KT | CC4: =+IFERROR(VALUE(RIGHT(Tabla14[[#This Row],[B2B]],6)),"") -> 27 | CD4: =+IFERROR(VLOOKUP(CB4,Auxiliar!$A:$C,2,0),"") -> Corona 710cc | CE4: =+IFERROR(VLOOKUP(CB4,Auxiliar!$A:$C,3,0),"") -> 1b 10% | 85b 0% | CG4: 3936 | CH4: 1890 LATA AS | CI4: =+IFERROR(VALUE(RIGHT(Tabla15[[#This Row],[B2B]],6)),"") -> 3936 | CJ4: =+IFERROR(VLOOKUP(CH4,Auxiliar!$A:$C,2,0),"") -> VALUE LATA | CK4: =+IFERROR(VLOOKUP(CH4,Auxiliar!$A:$C,3,0),"") -> 3b 15% | 100b 18% | CM4: 27 | CN4: SIN ALCOHOL | CO4: 27 | CP4: SIN ALCOHOL | CQ4: 0b 0% | CS4: 649 | CT4: AO, PAT y SA - AS | CU4: =+IFERROR(VALUE(RIGHT(Tabla17[[#This Row],[B2B]],6)),"") -> 649 | CV4: =+IFERROR(VLOOKUP(CT4,Auxiliar!$A:$C,2,0),"") -> PREMIUM | CW4: =+IFERROR(VLOOKUP(CT4,Auxiliar!$A:$C,3,0),"") -> 0b 0% | 5b 2% | 10b 3,5% | 20b 5% | CY4: 27 | CZ4: AO, PAT y SA - K+T | DA4: =+IFERROR(VALUE(RIGHT(Tabla18[[#This Row],[B2B]],6)),"") -> 27 | DB4: =+IFERROR(VLOOKUP(CZ4,Auxiliar!$A:$C,2,0),"") -> PREMIUM | DC4: =+IFERROR(VLOOKUP(CZ4,Auxiliar!$A:$C,3,0),"") -> 0b 0% | 2b 2% | 5b 3,5% | 10b 5% | DE4: 27 | DF4: MICHELOB | DG4: =+IFERROR(VALUE(RIGHT(Tabla19[[#This Row],[B2B]],6)),"") -> 27 | DH4: =+IFERROR(VLOOKUP(DF4,Auxiliar!$A:$C,2,0),"") -> MICHELOB | DI4: =+IFERROR(VLOOKUP(DF4,Auxiliar!$A:$C,3,0),"") -> 1b 7% | 3b 22% | 8b 27% | DK4: 649 | DL4: CORONA PORRON AS | DM4: =+IFERROR(VALUE(RIGHT(Tabla20[[#This Row],[B2B]],6)),"") -> 649 | DN4: =+IFERROR(VLOOKUP(DL4,Auxiliar!$A:$C,2,0),"") -> CORONA PORRON | DO4: =+IFERROR(VLOOKUP(DL4,Auxiliar!$A:$C,3,0),"") -> 3b 5% | 42b 0% | DQ4: 27 | DR4: CORONA PORRON KT | DS4: =+IFERROR(VALUE(RIGHT(Tabla21[[#This Row],[B2B]],6)),"") -> 27 | DT4: =+IFERROR(VLOOKUP(DR4,Auxiliar!$A:$C,2,0),"") -> CORONA PORRON | DU4: =+IFERROR(VLOOKUP(DR4,Auxiliar!$A:$C,3,0),"") -> 1b 5% | 20b 0% | DW4: 5535 | DX4: 1890 LATA KT | DY4: =+IFERROR(VALUE(RIGHT(Tabla22[[#This Row],[B2B]],6)),"") -> 5535 | DZ4: =+IFERROR(VLOOKUP(DX4,Auxiliar!$A:$C,2,0),"") -> VALUE LATA | EA4: =+IFERROR(VLOOKUP(DX4,Auxiliar!$A:$C,3,0),"") -> 1b 15% | 100b 18% | EC4: 5535 | ED4: 1890 LATON | EE4: =+IFERROR(VALUE(RIGHT(Tabla23[[#This Row],[B2B]],6)),"") -> 5535 | EF4: =+IFERROR(VLOOKUP(ED4,Auxiliar!$A:$C,2,0),"") -> VALUE LATON | EG4: =+IFERROR(VLOOKUP(ED4,Auxiliar!$A:$C,3,0),"") -> 1b 10% | 5b 15% | 192b 0% | EI4: 4057 | EJ4: 1890 LATON AS | EK4: =+IFERROR(VALUE(RIGHT(Tabla24[[#This Row],[B2B]],6)),"") -> 4057 | EL4: =+IFERROR(VLOOKUP(EJ4,Auxiliar!$A:$C,2,0),"") -> VALUE LATON | EM4: =+IFERROR(VLOOKUP(EJ4,Auxiliar!$A:$C,3,0),"") -> 3b 10% | 10b 15% | 384b 0% | EQ4: =+IFERROR(VALUE(RIGHT(Tabla25[[#This Row],[B2B]],6)),"") | ER4: =+IFERROR(VLOOKUP(EP4,Auxiliar!$A:$C,2,0),"") | ES4: =+IFERROR(VLOOKUP(EP4,Auxiliar!$A:$C,3,0),"") | EW4: =+IFERROR(VALUE(RIGHT(Tabla26[[#This Row],[B2B]],6)),"") | EX4: =+IFERROR(VLOOKUP(EV4,Auxiliar!$A:$C,2,0),"") | EY4: =+IFERROR(VLOOKUP(EV4,Auxiliar!$A:$C,3,0),"") | EZ4: 1793 | FA4: LLENADO KT 3 | FB4: =+IFERROR(VALUE(RIGHT(Tabla27[[#This Row],[B2B]],6)),"") -> 1793 | FC4: =+IFERROR(VLOOKUP(FA4,Auxiliar!$A:$C,2,0),"") -> CORE 2 | FD4: =+IFERROR(VLOOKUP(FA4,Auxiliar!$A:$C,3,0),"") -> 25b 9% | FG4: =+IFERROR(VALUE(RIGHT(Tabla28[[#This Row],[B2B]],6)),"") | FH4: =+IFERROR(VLOOKUP(FF4,Auxiliar!$A:$C,2,0),"") | FI4: =+IFERROR(VLOOKUP(FF4,Auxiliar!$A:$C,3,0),"") | FL4: =+IFERROR(VALUE(RIGHT(Tabla29[[#This Row],[B2B]],6)),"") | FM4: =+IFERROR(VLOOKUP(FK4,Auxiliar!$A:$C,2,0),"") | FN4: =+IFERROR(VLOOKUP(FK4,Auxiliar!$A:$C,3,0),"") | FQ4: =+IFERROR(VALUE(RIGHT(Tabla30[[#This Row],[B2B]],6)),"") | FR4: =+IFERROR(VLOOKUP(FP4,Auxiliar!$A:$C,2,0),"") | FV4: =+IFERROR(VALUE(RIGHT(Tabla31[[#This Row],[B2B]],6)),"") | FW4: =+IFERROR(VLOOKUP(FU4,Auxiliar!$A:$C,2,0),"") | FX4: =+IFERROR(VLOOKUP(FU4,Auxiliar!$A:$C,3,0),"") | GA4: =+IFERROR(VALUE(RIGHT(Tabla32[[#This Row],[B2B]],6)),"") | GB4: =+IFERROR(VLOOKUP(FZ4,Auxiliar!$A:$C,2,0),"") | GC4: =+IFERROR(VLOOKUP(FZ4,Auxiliar!$A:$C,3,0),"") | GF4: =+IFERROR(VALUE(RIGHT(Tabla33[[#This Row],[B2B]],6)),"") | GG4: =+IFERROR(VLOOKUP(GE4,Auxiliar!$A:$C,2,0),"") | GH4: =+IFERROR(VLOOKUP(GE4,Auxiliar!$A:$C,3,0),"")
A5: 2669 | B5: TIER 1 CORE AS | C5: =+IFERROR(VALUE(RIGHT(Tabla1[[#This Row],[B2B]],6)),"") -> 2669 | D5: =+IFERROR(VLOOKUP(B5,Auxiliar!$A:$C,2,0),"") -> CORE | E5: =+IFERROR(VLOOKUP(B5,Auxiliar!$A:$C,3,0),"") -> 0b 1% | 5b 4% | 10b 5% | 15b 6% | 25b 9% | G5: 3850 | H5: TIER 2 CORE AS | I5: =+IFERROR(VALUE(RIGHT(Tabla2[[#This Row],[B2B]],6)),"") -> 3850 | J5: =+IFERROR(VLOOKUP(H5,Auxiliar!$A:$C,2,0),"") -> CORE | K5: =+IFERROR(VLOOKUP(H5,Auxiliar!$A:$C,3,0),"") -> 0b 1% | 15b 4% | 40b 5% | 60b 9% | O5: =+IFERROR(VALUE(RIGHT(Tabla3[[#This Row],[B2B]],6)),"") | P5: =+IFERROR(VLOOKUP(N5,Auxiliar!$A:$C,2,0),"") | Q5: =+IFERROR(VLOOKUP(N5,Auxiliar!$A:$C,3,0),"") | S5: 63 | T5: TIER 1 CORE KT | U5: =+IFERROR(VALUE(RIGHT(Tabla4[[#This Row],[B2B]],6)),"") -> 63 | V5: =+IFERROR(VLOOKUP(T5,Auxiliar!$A:$C,2,0),"") -> CORE | W5: =+IFERROR(VLOOKUP(T5,Auxiliar!$A:$C,3,0),"") -> 0b 1% | 2b 5% | 4b 6% | Y5: 132 | Z5: TIER 2 CORE KT | AA5: =+IFERROR(VALUE(RIGHT(Tabla5[[#This Row],[B2B]],6)),"") -> 132 | AB5: =+IFERROR(VLOOKUP(Z5,Auxiliar!$A:$C,2,0),"") -> CORE | AC5: =+IFERROR(VLOOKUP(Z5,Auxiliar!$A:$C,3,0),"") -> 0b 1% | 3b 4% | 5b 6% | AE5: 312 | AF5: TIER 3 CORE KT | AG5: =+IFERROR(VALUE(RIGHT(Tabla6[[#This Row],[B2B]],6)),"") -> 312 | AH5: =+IFERROR(VLOOKUP(AF5,Auxiliar!$A:$C,2,0),"") -> CORE | AI5: =+IFERROR(VLOOKUP(AF5,Auxiliar!$A:$C,3,0),"") -> 0b 1% | 6b 5% | 10b 6% | AK5: 63 | AL5: LATONES KT 1 | AM5: =+IFERROR(VALUE(RIGHT(Tabla7[[#This Row],[B2B]],6)),"") -> 63 | AN5: =+IFERROR(VLOOKUP(AL5,Auxiliar!$A:$C,2,0),"") -> LATONES | AO5: =+IFERROR(VLOOKUP(AL5,Auxiliar!$A:$C,3,0),"") -> 1b 4% | 5b 7% | 97b 0% | AQ5: 132 | AR5: LATONES KT 2 | AS5: =+IFERROR(VALUE(RIGHT(Tabla8[[#This Row],[B2B]],6)),"") -> 132 | AT5: =+IFERROR(VLOOKUP(AR5,Auxiliar!$A:$C,2,0),"") -> LATONES | AU5: =+IFERROR(VLOOKUP(AR5,Auxiliar!$A:$C,3,0),"") -> 2b 3% | 4b 5% | 5b 8% | 193 0% | AW5: 2905 | AX5: LATONES AS 1 | AY5: =+IFERROR(VALUE(RIGHT(Tabla9[[#This Row],[B2B]],6)),"") -> 2905 | AZ5: =+IFERROR(VLOOKUP(AX5,Auxiliar!$A:$C,2,0),"") -> LATONES | BA5: =+IFERROR(VLOOKUP(AX5,Auxiliar!$A:$C,3,0),"") -> 2b 3% | 4b 4% | 6b 5% | 10b 8% | 385b 0% | BC5: 1226 | BD5: LATONES AS 2 | BE5: =+IFERROR(VALUE(RIGHT(Tabla10[[#This Row],[B2B]],6)),"") -> 1226 | BF5: =+IFERROR(VLOOKUP(BD5,Auxiliar!$A:$C,2,0),"") -> LATONES | BG5: =+IFERROR(VLOOKUP(BD5,Auxiliar!$A:$C,3,0),"") -> 6b 4% | 12b 5% | 15b 8% | 385b 0% | BI5: 4057 | BJ5: 1890 LITRO AS | BK5: =+IFERROR(VALUE(RIGHT(Tabla11[[#This Row],[B2B]],6)),"") -> 4057 | BL5: =+IFERROR(VLOOKUP(BJ5,Auxiliar!$A:$C,2,0),"") -> VALUE LITRO | BM5: =+IFERROR(VLOOKUP(BJ5,Auxiliar!$A:$C,3,0),"") -> 3b 12% | BO5: 5543 | BP5: 1890 LITRO KT | BQ5: =+IFERROR(VALUE(RIGHT(Tabla12[[#This Row],[B2B]],6)),"") -> 5543 | BR5: =+IFERROR(VLOOKUP(BP5,Auxiliar!$A:$C,2,0),"") -> VALUE LITRO | BS5: =+IFERROR(VLOOKUP(BP5,Auxiliar!$A:$C,3,0),"") -> 1b 12% | BU5: 1000 | BV5: CORONA 710 AS | BW5: =+IFERROR(VALUE(RIGHT(Tabla13[[#This Row],[B2B]],6)),"") -> 1000 | BX5: =+IFERROR(VLOOKUP(BV5,Auxiliar!$A:$C,2,0),"") -> Corona 710cc | BY5: =+IFERROR(VLOOKUP(BV5,Auxiliar!$A:$C,3,0),"") -> 3b 10% | 169b 0% | CA5: 39 | CB5: CORONA 710 KT | CC5: =+IFERROR(VALUE(RIGHT(Tabla14[[#This Row],[B2B]],6)),"") -> 39 | CD5: =+IFERROR(VLOOKUP(CB5,Auxiliar!$A:$C,2,0),"") -> Corona 710cc | CE5: =+IFERROR(VLOOKUP(CB5,Auxiliar!$A:$C,3,0),"") -> 1b 10% | 85b 0% | CG5: 4057 | CH5: 1890 LATA AS | CI5: =+IFERROR(VALUE(RIGHT(Tabla15[[#This Row],[B2B]],6)),"") -> 4057 | CJ5: =+IFERROR(VLOOKUP(CH5,Auxiliar!$A:$C,2,0),"") -> VALUE LATA | CK5: =+IFERROR(VLOOKUP(CH5,Auxiliar!$A:$C,3,0),"") -> 3b 15% | 100b 18% | CM5: 39 | CN5: SIN ALCOHOL | CO5: 39 | CP5: SIN ALCOHOL | CQ5: 0b 0% | CS5: 1000 | CT5: AO, PAT y SA - AS | CU5: =+IFERROR(VALUE(RIGHT(Tabla17[[#This Row],[B2B]],6)),"") -> 1000 | CV5: =+IFERROR(VLOOKUP(CT5,Auxiliar!$A:$C,2,0),"") -> PREMIUM | CW5: =+IFERROR(VLOOKUP(CT5,Auxiliar!$A:$C,3,0),"") -> 0b 0% | 5b 2% | 10b 3,5% | 20b 5% | CY5: 39 | CZ5: AO, PAT y SA - K+T | DA5: =+IFERROR(VALUE(RIGHT(Tabla18[[#This Row],[B2B]],6)),"") -> 39 | DB5: =+IFERROR(VLOOKUP(CZ5,Auxiliar!$A:$C,2,0),"") -> PREMIUM | DC5: =+IFERROR(VLOOKUP(CZ5,Auxiliar!$A:$C,3,0),"") -> 0b 0% | 2b 2% | 5b 3,5% | 10b 5% | DE5: 39 | DF5: MICHELOB | DG5: =+IFERROR(VALUE(RIGHT(Tabla19[[#This Row],[B2B]],6)),"") -> 39 | DH5: =+IFERROR(VLOOKUP(DF5,Auxiliar!$A:$C,2,0),"") -> MICHELOB | DI5: =+IFERROR(VLOOKUP(DF5,Auxiliar!$A:$C,3,0),"") -> 1b 7% | 3b 22% | 8b 27% | DK5: 1000 | DL5: CORONA PORRON AS | DM5: =+IFERROR(VALUE(RIGHT(Tabla20[[#This Row],[B2B]],6)),"") -> 1000 | DN5: =+IFERROR(VLOOKUP(DL5,Auxiliar!$A:$C,2,0),"") -> CORONA PORRON | DO5: =+IFERROR(VLOOKUP(DL5,Auxiliar!$A:$C,3,0),"") -> 3b 5% | 42b 0% | DQ5: 39 | DR5: CORONA PORRON KT | DS5: =+IFERROR(VALUE(RIGHT(Tabla21[[#This Row],[B2B]],6)),"") -> 39 | DT5: =+IFERROR(VLOOKUP(DR5,Auxiliar!$A:$C,2,0),"") -> CORONA PORRON | DU5: =+IFERROR(VLOOKUP(DR5,Auxiliar!$A:$C,3,0),"") -> 1b 5% | 20b 0% | DW5: 5543 | DX5: 1890 LATA KT | DY5: =+IFERROR(VALUE(RIGHT(Tabla22[[#This Row],[B2B]],6)),"") -> 5543 | DZ5: =+IFERROR(VLOOKUP(DX5,Auxiliar!$A:$C,2,0),"") -> VALUE LATA | EA5: =+IFERROR(VLOOKUP(DX5,Auxiliar!$A:$C,3,0),"") -> 1b 15% | 100b 18% | EC5: 5543 | ED5: 1890 LATON | EE5: =+IFERROR(VALUE(RIGHT(Tabla23[[#This Row],[B2B]],6)),"") -> 5543 | EF5: =+IFERROR(VLOOKUP(ED5,Auxiliar!$A:$C,2,0),"") -> VALUE LATON | EG5: =+IFERROR(VLOOKUP(ED5,Auxiliar!$A:$C,3,0),"") -> 1b 10% | 5b 15% | 192b 0% | EI5: 4328 | EJ5: 1890 LATON AS | EK5: =+IFERROR(VALUE(RIGHT(Tabla24[[#This Row],[B2B]],6)),"") -> 4328 | EL5: =+IFERROR(VLOOKUP(EJ5,Auxiliar!$A:$C,2,0),"") -> VALUE LATON | EM5: =+IFERROR(VLOOKUP(EJ5,Auxiliar!$A:$C,3,0),"") -> 3b 10% | 10b 15% | 384b 0% | EQ5: =+IFERROR(VALUE(RIGHT(Tabla25[[#This Row],[B2B]],6)),"") | ER5: =+IFERROR(VLOOKUP(EP5,Auxiliar!$A:$C,2,0),"") | ES5: =+IFERROR(VLOOKUP(EP5,Auxiliar!$A:$C,3,0),"") | EW5: =+IFERROR(VALUE(RIGHT(Tabla26[[#This Row],[B2B]],6)),"") | EX5: =+IFERROR(VLOOKUP(EV5,Auxiliar!$A:$C,2,0),"") | EY5: =+IFERROR(VLOOKUP(EV5,Auxiliar!$A:$C,3,0),"") | EZ5: 1953 | FA5: LLENADO KT 3 | FB5: =+IFERROR(VALUE(RIGHT(Tabla27[[#This Row],[B2B]],6)),"") -> 1953 | FC5: =+IFERROR(VLOOKUP(FA5,Auxiliar!$A:$C,2,0),"") -> CORE 2 | FD5: =+IFERROR(VLOOKUP(FA5,Auxiliar!$A:$C,3,0),"") -> 25b 9% | FG5: =+IFERROR(VALUE(RIGHT(Tabla28[[#This Row],[B2B]],6)),"") | FH5: =+IFERROR(VLOOKUP(FF5,Auxiliar!$A:$C,2,0),"") | FI5: =+IFERROR(VLOOKUP(FF5,Auxiliar!$A:$C,3,0),"") | FL5: =+IFERROR(VALUE(RIGHT(Tabla29[[#This Row],[B2B]],6)),"") | FM5: =+IFERROR(VLOOKUP(FK5,Auxiliar!$A:$C,2,0),"") | FN5: =+IFERROR(VLOOKUP(FK5,Auxiliar!$A:$C,3,0),"") | FQ5: =+IFERROR(VALUE(RIGHT(Tabla30[[#This Row],[B2B]],6)),"") | FR5: =+IFERROR(VLOOKUP(FP5,Auxiliar!$A:$C,2,0),"") | FV5: =+IFERROR(VALUE(RIGHT(Tabla31[[#This Row],[B2B]],6)),"") | FW5: =+IFERROR(VLOOKUP(FU5,Auxiliar!$A:$C,2,0),"") | FX5: =+IFERROR(VLOOKUP(FU5,Auxiliar!$A:$C,3,0),"") | GA5: =+IFERROR(VALUE(RIGHT(Tabla32[[#This Row],[B2B]],6)),"") | GB5: =+IFERROR(VLOOKUP(FZ5,Auxiliar!$A:$C,2,0),"") | GC5: =+IFERROR(VLOOKUP(FZ5,Auxiliar!$A:$C,3,0),"") | GF5: =+IFERROR(VALUE(RIGHT(Tabla33[[#This Row],[B2B]],6)),"") | GG5: =+IFERROR(VLOOKUP(GE5,Auxiliar!$A:$C,2,0),"") | GH5: =+IFERROR(VLOOKUP(GE5,Auxiliar!$A:$C,3,0),"")
A6: 2767 | B6: TIER 1 CORE AS | C6: =+IFERROR(VALUE(RIGHT(Tabla1[[#This Row],[B2B]],6)),"") -> 2767 | D6: =+IFERROR(VLOOKUP(B6,Auxiliar!$A:$C,2,0),"") -> CORE | E6: =+IFERROR(VLOOKUP(B6,Auxiliar!$A:$C,3,0),"") -> 0b 1% | 5b 4% | 10b 5% | 15b 6% | 25b 9% | G6: 3897 | H6: TIER 2 CORE AS | I6: =+IFERROR(VALUE(RIGHT(Tabla2[[#This Row],[B2B]],6)),"") -> 3897 | J6: =+IFERROR(VLOOKUP(H6,Auxiliar!$A:$C,2,0),"") -> CORE | K6: =+IFERROR(VLOOKUP(H6,Auxiliar!$A:$C,3,0),"") -> 0b 1% | 15b 4% | 40b 5% | 60b 9% | O6: =+IFERROR(VALUE(RIGHT(Tabla3[[#This Row],[B2B]],6)),"") | P6: =+IFERROR(VLOOKUP(N6,Auxiliar!$A:$C,2,0),"") | Q6: =+IFERROR(VLOOKUP(N6,Auxiliar!$A:$C,3,0),"") | S6: 72 | T6: TIER 1 CORE KT | U6: =+IFERROR(VALUE(RIGHT(Tabla4[[#This Row],[B2B]],6)),"") -> 72 | V6: =+IFERROR(VLOOKUP(T6,Auxiliar!$A:$C,2,0),"") -> CORE | W6: =+IFERROR(VLOOKUP(T6,Auxiliar!$A:$C,3,0),"") -> 0b 1% | 2b 5% | 4b 6% | Y6: 247 | Z6: TIER 2 CORE KT | AA6: =+IFERROR(VALUE(RIGHT(Tabla5[[#This Row],[B2B]],6)),"") -> 247 | AB6: =+IFERROR(VLOOKUP(Z6,Auxiliar!$A:$C,2,0),"") -> CORE | AC6: =+IFERROR(VLOOKUP(Z6,Auxiliar!$A:$C,3,0),"") -> 0b 1% | 3b 4% | 5b 6% | AE6: 601 | AF6: TIER 3 CORE KT | AG6: =+IFERROR(VALUE(RIGHT(Tabla6[[#This Row],[B2B]],6)),"") -> 601 | AH6: =+IFERROR(VLOOKUP(AF6,Auxiliar!$A:$C,2,0),"") -> CORE | AI6: =+IFERROR(VLOOKUP(AF6,Auxiliar!$A:$C,3,0),"") -> 0b 1% | 6b 5% | 10b 6% | AK6: 71 | AL6: LATONES KT 1 | AM6: =+IFERROR(VALUE(RIGHT(Tabla7[[#This Row],[B2B]],6)),"") -> 71 | AN6: =+IFERROR(VLOOKUP(AL6,Auxiliar!$A:$C,2,0),"") -> LATONES | AO6: =+IFERROR(VLOOKUP(AL6,Auxiliar!$A:$C,3,0),"") -> 1b 4% | 5b 7% | 97b 0% | AQ6: 197 | AR6: LATONES KT 2 | AS6: =+IFERROR(VALUE(RIGHT(Tabla8[[#This Row],[B2B]],6)),"") -> 197 | AT6: =+IFERROR(VLOOKUP(AR6,Auxiliar!$A:$C,2,0),"") -> LATONES | AU6: =+IFERROR(VLOOKUP(AR6,Auxiliar!$A:$C,3,0),"") -> 2b 3% | 4b 5% | 5b 8% | 193 0% | AW6: 3018 | AX6: LATONES AS 1 | AY6: =+IFERROR(VALUE(RIGHT(Tabla9[[#This Row],[B2B]],6)),"") -> 3018 | AZ6: =+IFERROR(VLOOKUP(AX6,Auxiliar!$A:$C,2,0),"") -> LATONES | BA6: =+IFERROR(VLOOKUP(AX6,Auxiliar!$A:$C,3,0),"") -> 2b 3% | 4b 4% | 6b 5% | 10b 8% | 385b 0% | BC6: 1962 | BD6: LATONES AS 2 | BE6: =+IFERROR(VALUE(RIGHT(Tabla10[[#This Row],[B2B]],6)),"") -> 1962 | BF6: =+IFERROR(VLOOKUP(BD6,Auxiliar!$A:$C,2,0),"") -> LATONES | BG6: =+IFERROR(VLOOKUP(BD6,Auxiliar!$A:$C,3,0),"") -> 6b 4% | 12b 5% | 15b 8% | 385b 0% | BI6: 4328 | BJ6: 1890 LITRO AS | BK6: =+IFERROR(VALUE(RIGHT(Tabla11[[#This Row],[B2B]],6)),"") -> 4328 | BL6: =+IFERROR(VLOOKUP(BJ6,Auxiliar!$A:$C,2,0),"") -> VALUE LITRO | BM6: =+IFERROR(VLOOKUP(BJ6,Auxiliar!$A:$C,3,0),"") -> 3b 12% | BO6: 3867 | BP6: 1890 LITRO KT | BQ6: =+IFERROR(VALUE(RIGHT(Tabla12[[#This Row],[B2B]],6)),"") -> 3867 | BR6: =+IFERROR(VLOOKUP(BP6,Auxiliar!$A:$C,2,0),"") -> VALUE LITRO | BS6: =+IFERROR(VLOOKUP(BP6,Auxiliar!$A:$C,3,0),"") -> 1b 12% | BU6: 1226 | BV6: CORONA 710 AS | BW6: =+IFERROR(VALUE(RIGHT(Tabla13[[#This Row],[B2B]],6)),"") -> 1226 | BX6: =+IFERROR(VLOOKUP(BV6,Auxiliar!$A:$C,2,0),"") -> Corona 710cc | BY6: =+IFERROR(VLOOKUP(BV6,Auxiliar!$A:$C,3,0),"") -> 3b 10% | 169b 0% | CA6: 45 | CB6: CORONA 710 KT | CC6: =+IFERROR(VALUE(RIGHT(Tabla14[[#This Row],[B2B]],6)),"") -> 45 | CD6: =+IFERROR(VLOOKUP(CB6,Auxiliar!$A:$C,2,0),"") -> Corona 710cc | CE6: =+IFERROR(VLOOKUP(CB6,Auxiliar!$A:$C,3,0),"") -> 1b 10% | 85b 0% | CG6: 4328 | CH6: 1890 LATA AS | CI6: =+IFERROR(VALUE(RIGHT(Tabla15[[#This Row],[B2B]],6)),"") -> 4328 | CJ6: =+IFERROR(VLOOKUP(CH6,Auxiliar!$A:$C,2,0),"") -> VALUE LATA | CK6: =+IFERROR(VLOOKUP(CH6,Auxiliar!$A:$C,3,0),"") -> 3b 15% | 100b 18% | CM6: 45 | CN6: SIN ALCOHOL | CO6: 45 | CP6: SIN ALCOHOL | CQ6: 0b 0% | CS6: 1226 | CT6: AO, PAT y SA - AS | CU6: =+IFERROR(VALUE(RIGHT(Tabla17[[#This Row],[B2B]],6)),"") -> 1226 | CV6: =+IFERROR(VLOOKUP(CT6,Auxiliar!$A:$C,2,0),"") -> PREMIUM | CW6: =+IFERROR(VLOOKUP(CT6,Auxiliar!$A:$C,3,0),"") -> 0b 0% | 5b 2% | 10b 3,5% | 20b 5% | CY6: 45 | CZ6: AO, PAT y SA - K+T | DA6: =+IFERROR(VALUE(RIGHT(Tabla18[[#This Row],[B2B]],6)),"") -> 45 | DB6: =+IFERROR(VLOOKUP(CZ6,Auxiliar!$A:$C,2,0),"") -> PREMIUM | DC6: =+IFERROR(VLOOKUP(CZ6,Auxiliar!$A:$C,3,0),"") -> 0b 0% | 2b 2% | 5b 3,5% | 10b 5% | DE6: 45 | DF6: MICHELOB | DG6: =+IFERROR(VALUE(RIGHT(Tabla19[[#This Row],[B2B]],6)),"") -> 45 | DH6: =+IFERROR(VLOOKUP(DF6,Auxiliar!$A:$C,2,0),"") -> MICHELOB | DI6: =+IFERROR(VLOOKUP(DF6,Auxiliar!$A:$C,3,0),"") -> 1b 7% | 3b 22% | 8b 27% | DK6: 1226 | DL6: CORONA PORRON AS | DM6: =+IFERROR(VALUE(RIGHT(Tabla20[[#This Row],[B2B]],6)),"") -> 1226 | DN6: =+IFERROR(VLOOKUP(DL6,Auxiliar!$A:$C,2,0),"") -> CORONA PORRON | DO6: =+IFERROR(VLOOKUP(DL6,Auxiliar!$A:$C,3,0),"") -> 3b 5% | 42b 0% | DQ6: 45 | DR6: CORONA PORRON KT | DS6: =+IFERROR(VALUE(RIGHT(Tabla21[[#This Row],[B2B]],6)),"") -> 45 | DT6: =+IFERROR(VLOOKUP(DR6,Auxiliar!$A:$C,2,0),"") -> CORONA PORRON | DU6: =+IFERROR(VLOOKUP(DR6,Auxiliar!$A:$C,3,0),"") -> 1b 5% | 20b 0% | DW6: 3867 | DX6: 1890 LATA KT | DY6: =+IFERROR(VALUE(RIGHT(Tabla22[[#This Row],[B2B]],6)),"") -> 3867 | DZ6: =+IFERROR(VLOOKUP(DX6,Auxiliar!$A:$C,2,0),"") -> VALUE LATA | EA6: =+IFERROR(VLOOKUP(DX6,Auxiliar!$A:$C,3,0),"") -> 1b 15% | 100b 18% | EC6: 3867 | ED6: 1890 LATON | EE6: =+IFERROR(VALUE(RIGHT(Tabla23[[#This Row],[B2B]],6)),"") -> 3867 | EF6: =+IFERROR(VLOOKUP(ED6,Auxiliar!$A:$C,2,0),"") -> VALUE LATON | EG6: =+IFERROR(VLOOKUP(ED6,Auxiliar!$A:$C,3,0),"") -> 1b 10% | 5b 15% | 192b 0% | EI6: 4373 | EJ6: 1890 LATON AS | EK6: =+IFERROR(VALUE(RIGHT(Tabla24[[#This Row],[B2B]],6)),"") -> 4373 | EL6: =+IFERROR(VLOOKUP(EJ6,Auxiliar!$A:$C,2,0),"") -> VALUE LATON | EM6: =+IFERROR(VLOOKUP(EJ6,Auxiliar!$A:$C,3,0),"") -> 3b 10% | 10b 15% | 384b 0% | EQ6: =+IFERROR(VALUE(RIGHT(Tabla25[[#This Row],[B2B]],6)),"") | ER6: =+IFERROR(VLOOKUP(EP6,Auxiliar!$A:$C,2,0),"") | ES6: =+IFERROR(VLOOKUP(EP6,Auxiliar!$A:$C,3,0),"") | EW6: =+IFERROR(VALUE(RIGHT(Tabla26[[#This Row],[B2B]],6)),"") | EX6: =+IFERROR(VLOOKUP(EV6,Auxiliar!$A:$C,2,0),"") | EY6: =+IFERROR(VLOOKUP(EV6,Auxiliar!$A:$C,3,0),"") | EZ6: 2070 | FA6: LLENADO KT 3 | FB6: =+IFERROR(VALUE(RIGHT(Tabla27[[#This Row],[B2B]],6)),"") -> 2070 | FC6: =+IFERROR(VLOOKUP(FA6,Auxiliar!$A:$C,2,0),"") -> CORE 2 | FD6: =+IFERROR(VLOOKUP(FA6,Auxiliar!$A:$C,3,0),"") -> 25b 9% | FG6: =+IFERROR(VALUE(RIGHT(Tabla28[[#This Row],[B2B]],6)),"") | FH6: =+IFERROR(VLOOKUP(FF6,Auxiliar!$A:$C,2,0),"") | FI6: =+IFERROR(VLOOKUP(FF6,Auxiliar!$A:$C,3,0),"") | FL6: =+IFERROR(VALUE(RIGHT(Tabla29[[#This Row],[B2B]],6)),"") | FM6: =+IFERROR(VLOOKUP(FK6,Auxiliar!$A:$C,2,0),"") | FN6: =+IFERROR(VLOOKUP(FK6,Auxiliar!$A:$C,3,0),"") | FQ6: =+IFERROR(VALUE(RIGHT(Tabla30[[#This Row],[B2B]],6)),"") | FR6: =+IFERROR(VLOOKUP(FP6,Auxiliar!$A:$C,2,0),"") | FV6: =+IFERROR(VALUE(RIGHT(Tabla31[[#This Row],[B2B]],6)),"") | FW6: =+IFERROR(VLOOKUP(FU6,Auxiliar!$A:$C,2,0),"") | FX6: =+IFERROR(VLOOKUP(FU6,Auxiliar!$A:$C,3,0),"") | GA6: =+IFERROR(VALUE(RIGHT(Tabla32[[#This Row],[B2B]],6)),"") | GB6: =+IFERROR(VLOOKUP(FZ6,Auxiliar!$A:$C,2,0),"") | GC6: =+IFERROR(VLOOKUP(FZ6,Auxiliar!$A:$C,3,0),"") | GF6: =+IFERROR(VALUE(RIGHT(Tabla33[[#This Row],[B2B]],6)),"") | GG6: =+IFERROR(VLOOKUP(GE6,Auxiliar!$A:$C,2,0),"") | GH6: =+IFERROR(VLOOKUP(GE6,Auxiliar!$A:$C,3,0),"")
A7: 2822 | B7: TIER 1 CORE AS | C7: =+IFERROR(VALUE(RIGHT(Tabla1[[#This Row],[B2B]],6)),"") -> 2822 | D7: =+IFERROR(VLOOKUP(B7,Auxiliar!$A:$C,2,0),"") -> CORE | E7: =+IFERROR(VLOOKUP(B7,Auxiliar!$A:$C,3,0),"") -> 0b 1% | 5b 4% | 10b 5% | 15b 6% | 25b 9% | G7: 4057 | H7: TIER 2 CORE AS | I7: =+IFERROR(VALUE(RIGHT(Tabla2[[#This Row],[B2B]],6)),"") -> 4057 | J7: =+IFERROR(VLOOKUP(H7,Auxiliar!$A:$C,2,0),"") -> CORE | K7: =+IFERROR(VLOOKUP(H7,Auxiliar!$A:$C,3,0),"") -> 0b 1% | 15b 4% | 40b 5% | 60b 9% | O7: =+IFERROR(VALUE(RIGHT(Tabla3[[#This Row],[B2B]],6)),"") | P7: =+IFERROR(VLOOKUP(N7,Auxiliar!$A:$C,2,0),"") | Q7: =+IFERROR(VLOOKUP(N7,Auxiliar!$A:$C,3,0),"") | S7: 96 | T7: TIER 1 CORE KT | U7: =+IFERROR(VALUE(RIGHT(Tabla4[[#This Row],[B2B]],6)),"") -> 96 | V7: =+IFERROR(VLOOKUP(T7,Auxiliar!$A:$C,2,0),"") -> CORE | W7: =+IFERROR(VLOOKUP(T7,Auxiliar!$A:$C,3,0),"") -> 0b 1% | 2b 5% | 4b 6% | Y7: 493 | Z7: TIER 2 CORE KT | AA7: =+IFERROR(VALUE(RIGHT(Tabla5[[#This Row],[B2B]],6)),"") -> 493 | AB7: =+IFERROR(VLOOKUP(Z7,Auxiliar!$A:$C,2,0),"") -> CORE | AC7: =+IFERROR(VLOOKUP(Z7,Auxiliar!$A:$C,3,0),"") -> 0b 1% | 3b 4% | 5b 6% | AE7: 630 | AF7: TIER 3 CORE KT | AG7: =+IFERROR(VALUE(RIGHT(Tabla6[[#This Row],[B2B]],6)),"") -> 630 | AH7: =+IFERROR(VLOOKUP(AF7,Auxiliar!$A:$C,2,0),"") -> CORE | AI7: =+IFERROR(VLOOKUP(AF7,Auxiliar!$A:$C,3,0),"") -> 0b 1% | 6b 5% | 10b 6% | AK7: 72 | AL7: LATONES KT 1 | AM7: =+IFERROR(VALUE(RIGHT(Tabla7[[#This Row],[B2B]],6)),"") -> 72 | AN7: =+IFERROR(VLOOKUP(AL7,Auxiliar!$A:$C,2,0),"") -> LATONES | AO7: =+IFERROR(VLOOKUP(AL7,Auxiliar!$A:$C,3,0),"") -> 1b 4% | 5b 7% | 97b 0% | AQ7: 311 | AR7: LATONES KT 2 | AS7: =+IFERROR(VALUE(RIGHT(Tabla8[[#This Row],[B2B]],6)),"") -> 311 | AT7: =+IFERROR(VLOOKUP(AR7,Auxiliar!$A:$C,2,0),"") -> LATONES | AU7: =+IFERROR(VLOOKUP(AR7,Auxiliar!$A:$C,3,0),"") -> 2b 3% | 4b 5% | 5b 8% | 193 0% | AW7: 3114 | AX7: LATONES AS 1 | AY7: =+IFERROR(VALUE(RIGHT(Tabla9[[#This Row],[B2B]],6)),"") -> 3114 | AZ7: =+IFERROR(VLOOKUP(AX7,Auxiliar!$A:$C,2,0),"") -> LATONES | BA7: =+IFERROR(VLOOKUP(AX7,Auxiliar!$A:$C,3,0),"") -> 2b 3% | 4b 4% | 6b 5% | 10b 8% | 385b 0% | BC7: 2451 | BD7: LATONES AS 2 | BE7: =+IFERROR(VALUE(RIGHT(Tabla10[[#This Row],[B2B]],6)),"") -> 2451 | BF7: =+IFERROR(VLOOKUP(BD7,Auxiliar!$A:$C,2,0),"") -> LATONES | BG7: =+IFERROR(VLOOKUP(BD7,Auxiliar!$A:$C,3,0),"") -> 6b 4% | 12b 5% | 15b 8% | 385b 0% | BI7: 4373 | BJ7: 1890 LITRO AS | BK7: =+IFERROR(VALUE(RIGHT(Tabla11[[#This Row],[B2B]],6)),"") -> 4373 | BL7: =+IFERROR(VLOOKUP(BJ7,Auxiliar!$A:$C,2,0),"") -> VALUE LITRO | BM7: =+IFERROR(VLOOKUP(BJ7,Auxiliar!$A:$C,3,0),"") -> 3b 12% | BO7: 3872 | BP7: 1890 LITRO KT | BQ7: =+IFERROR(VALUE(RIGHT(Tabla12[[#This Row],[B2B]],6)),"") -> 3872 | BR7: =+IFERROR(VLOOKUP(BP7,Auxiliar!$A:$C,2,0),"") -> VALUE LITRO | BS7: =+IFERROR(VLOOKUP(BP7,Auxiliar!$A:$C,3,0),"") -> 1b 12% | BU7: 1962 | BV7: CORONA 710 AS | BW7: =+IFERROR(VALUE(RIGHT(Tabla13[[#This Row],[B2B]],6)),"") -> 1962 | BX7: =+IFERROR(VLOOKUP(BV7,Auxiliar!$A:$C,2,0),"") -> Corona 710cc | BY7: =+IFERROR(VLOOKUP(BV7,Auxiliar!$A:$C,3,0),"") -> 3b 10% | 169b 0% | CA7: 55 | CB7: CORONA 710 KT | CC7: =+IFERROR(VALUE(RIGHT(Tabla14[[#This Row],[B2B]],6)),"") -> 55 | CD7: =+IFERROR(VLOOKUP(CB7,Auxiliar!$A:$C,2,0),"") -> Corona 710cc | CE7: =+IFERROR(VLOOKUP(CB7,Auxiliar!$A:$C,3,0),"") -> 1b 10% | 85b 0% | CG7: 4373 | CH7: 1890 LATA AS | CI7: =+IFERROR(VALUE(RIGHT(Tabla15[[#This Row],[B2B]],6)),"") -> 4373 | CJ7: =+IFERROR(VLOOKUP(CH7,Auxiliar!$A:$C,2,0),"") -> VALUE LATA | CK7: =+IFERROR(VLOOKUP(CH7,Auxiliar!$A:$C,3,0),"") -> 3b 15% | 100b 18% | CM7: 55 | CN7: SIN ALCOHOL | CO7: 55 | CP7: SIN ALCOHOL | CQ7: 0b 0% | CS7: 1962 | CT7: AO, PAT y SA - AS | CU7: =+IFERROR(VALUE(RIGHT(Tabla17[[#This Row],[B2B]],6)),"") -> 1962 | CV7: =+IFERROR(VLOOKUP(CT7,Auxiliar!$A:$C,2,0),"") -> PREMIUM | CW7: =+IFERROR(VLOOKUP(CT7,Auxiliar!$A:$C,3,0),"") -> 0b 0% | 5b 2% | 10b 3,5% | 20b 5% | CY7: 55 | CZ7: AO, PAT y SA - K+T | DA7: =+IFERROR(VALUE(RIGHT(Tabla18[[#This Row],[B2B]],6)),"") -> 55 | DB7: =+IFERROR(VLOOKUP(CZ7,Auxiliar!$A:$C,2,0),"") -> PREMIUM | DC7: =+IFERROR(VLOOKUP(CZ7,Auxiliar!$A:$C,3,0),"") -> 0b 0% | 2b 2% | 5b 3,5% | 10b 5% | DE7: 55 | DF7: MICHELOB | DG7: =+IFERROR(VALUE(RIGHT(Tabla19[[#This Row],[B2B]],6)),"") -> 55 | DH7: =+IFERROR(VLOOKUP(DF7,Auxiliar!$A:$C,2,0),"") -> MICHELOB | DI7: =+IFERROR(VLOOKUP(DF7,Auxiliar!$A:$C,3,0),"") -> 1b 7% | 3b 22% | 8b 27% | DK7: 1962 | DL7: CORONA PORRON AS | DM7: =+IFERROR(VALUE(RIGHT(Tabla20[[#This Row],[B2B]],6)),"") -> 1962 | DN7: =+IFERROR(VLOOKUP(DL7,Auxiliar!$A:$C,2,0),"") -> CORONA PORRON | DO7: =+IFERROR(VLOOKUP(DL7,Auxiliar!$A:$C,3,0),"") -> 3b 5% | 42b 0% | DQ7: 55 | DR7: CORONA PORRON KT | DS7: =+IFERROR(VALUE(RIGHT(Tabla21[[#This Row],[B2B]],6)),"") -> 55 | DT7: =+IFERROR(VLOOKUP(DR7,Auxiliar!$A:$C,2,0),"") -> CORONA PORRON | DU7: =+IFERROR(VLOOKUP(DR7,Auxiliar!$A:$C,3,0),"") -> 1b 5% | 20b 0% | DW7: 3872 | DX7: 1890 LATA KT | DY7: =+IFERROR(VALUE(RIGHT(Tabla22[[#This Row],[B2B]],6)),"") -> 3872 | DZ7: =+IFERROR(VLOOKUP(DX7,Auxiliar!$A:$C,2,0),"") -> VALUE LATA | EA7: =+IFERROR(VLOOKUP(DX7,Auxiliar!$A:$C,3,0),"") -> 1b 15% | 100b 18% | EC7: 3872 | ED7: 1890 LATON | EE7: =+IFERROR(VALUE(RIGHT(Tabla23[[#This Row],[B2B]],6)),"") -> 3872 | EF7: =+IFERROR(VLOOKUP(ED7,Auxiliar!$A:$C,2,0),"") -> VALUE LATON | EG7: =+IFERROR(VLOOKUP(ED7,Auxiliar!$A:$C,3,0),"") -> 1b 10% | 5b 15% | 192b 0% | EI7: 4400 | EJ7: 1890 LATON AS | EK7: =+IFERROR(VALUE(RIGHT(Tabla24[[#This Row],[B2B]],6)),"") -> 4400 | EL7: =+IFERROR(VLOOKUP(EJ7,Auxiliar!$A:$C,2,0),"") -> VALUE LATON | EM7: =+IFERROR(VLOOKUP(EJ7,Auxiliar!$A:$C,3,0),"") -> 3b 10% | 10b 15% | 384b 0% | EQ7: =+IFERROR(VALUE(RIGHT(Tabla25[[#This Row],[B2B]],6)),"") | ER7: =+IFERROR(VLOOKUP(EP7,Auxiliar!$A:$C,2,0),"") | ES7: =+IFERROR(VLOOKUP(EP7,Auxiliar!$A:$C,3,0),"") | EW7: =+IFERROR(VALUE(RIGHT(Tabla26[[#This Row],[B2B]],6)),"") | EX7: =+IFERROR(VLOOKUP(EV7,Auxiliar!$A:$C,2,0),"") | EY7: =+IFERROR(VLOOKUP(EV7,Auxiliar!$A:$C,3,0),"") | EZ7: 2380 | FA7: LLENADO KT 3 | FB7: =+IFERROR(VALUE(RIGHT(Tabla27[[#This Row],[B2B]],6)),"") -> 2380 | FC7: =+IFERROR(VLOOKUP(FA7,Auxiliar!$A:$C,2,0),"") -> CORE 2 | FD7: =+IFERROR(VLOOKUP(FA7,Auxiliar!$A:$C,3,0),"") -> 25b 9% | FG7: =+IFERROR(VALUE(RIGHT(Tabla28[[#This Row],[B2B]],6)),"") | FH7: =+IFERROR(VLOOKUP(FF7,Auxiliar!$A:$C,2,0),"") | FI7: =+IFERROR(VLOOKUP(FF7,Auxiliar!$A:$C,3,0),"") | FL7: =+IFERROR(VALUE(RIGHT(Tabla29[[#This Row],[B2B]],6)),"") | FM7: =+IFERROR(VLOOKUP(FK7,Auxiliar!$A:$C,2,0),"") | FN7: =+IFERROR(VLOOKUP(FK7,Auxiliar!$A:$C,3,0),"") | FQ7: =+IFERROR(VALUE(RIGHT(Tabla30[[#This Row],[B2B]],6)),"") | FR7: =+IFERROR(VLOOKUP(FP7,Auxiliar!$A:$C,2,0),"") | FV7: =+IFERROR(VALUE(RIGHT(Tabla31[[#This Row],[B2B]],6)),"") | FW7: =+IFERROR(VLOOKUP(FU7,Auxiliar!$A:$C,2,0),"") | FX7: =+IFERROR(VLOOKUP(FU7,Auxiliar!$A:$C,3,0),"") | GA7: =+IFERROR(VALUE(RIGHT(Tabla32[[#This Row],[B2B]],6)),"") | GB7: =+IFERROR(VLOOKUP(FZ7,Auxiliar!$A:$C,2,0),"") | GC7: =+IFERROR(VLOOKUP(FZ7,Auxiliar!$A:$C,3,0),"") | GF7: =+IFERROR(VALUE(RIGHT(Tabla33[[#This Row],[B2B]],6)),"") | GG7: =+IFERROR(VLOOKUP(GE7,Auxiliar!$A:$C,2,0),"") | GH7: =+IFERROR(VLOOKUP(GE7,Auxiliar!$A:$C,3,0),"")
A8: 2905 | B8: TIER 1 CORE AS | C8: =+IFERROR(VALUE(RIGHT(Tabla1[[#This Row],[B2B]],6)),"") -> 2905 | D8: =+IFERROR(VLOOKUP(B8,Auxiliar!$A:$C,2,0),"") -> CORE | E8: =+IFERROR(VLOOKUP(B8,Auxiliar!$A:$C,3,0),"") -> 0b 1% | 5b 4% | 10b 5% | 15b 6% | 25b 9% | G8: 4488 | H8: TIER 2 CORE AS | I8: =+IFERROR(VALUE(RIGHT(Tabla2[[#This Row],[B2B]],6)),"") -> 4488 | J8: =+IFERROR(VLOOKUP(H8,Auxiliar!$A:$C,2,0),"") -> CORE | K8: =+IFERROR(VLOOKUP(H8,Auxiliar!$A:$C,3,0),"") -> 0b 1% | 15b 4% | 40b 5% | 60b 9% | O8: =+IFERROR(VALUE(RIGHT(Tabla3[[#This Row],[B2B]],6)),"") | P8: =+IFERROR(VLOOKUP(N8,Auxiliar!$A:$C,2,0),"") | Q8: =+IFERROR(VLOOKUP(N8,Auxiliar!$A:$C,3,0),"") | S8: 149 | T8: TIER 1 CORE KT | U8: =+IFERROR(VALUE(RIGHT(Tabla4[[#This Row],[B2B]],6)),"") -> 149 | V8: =+IFERROR(VLOOKUP(T8,Auxiliar!$A:$C,2,0),"") -> CORE | W8: =+IFERROR(VLOOKUP(T8,Auxiliar!$A:$C,3,0),"") -> 0b 1% | 2b 5% | 4b 6% | Y8: 554 | Z8: TIER 2 CORE KT | AA8: =+IFERROR(VALUE(RIGHT(Tabla5[[#This Row],[B2B]],6)),"") -> 554 | AB8: =+IFERROR(VLOOKUP(Z8,Auxiliar!$A:$C,2,0),"") -> CORE | AC8: =+IFERROR(VLOOKUP(Z8,Auxiliar!$A:$C,3,0),"") -> 0b 1% | 3b 4% | 5b 6% | AE8: 649 | AF8: TIER 3 CORE KT | AG8: =+IFERROR(VALUE(RIGHT(Tabla6[[#This Row],[B2B]],6)),"") -> 649 | AH8: =+IFERROR(VLOOKUP(AF8,Auxiliar!$A:$C,2,0),"") -> CORE | AI8: =+IFERROR(VLOOKUP(AF8,Auxiliar!$A:$C,3,0),"") -> 0b 1% | 6b 5% | 10b 6% | AK8: 96 | AL8: LATONES KT 1 | AM8: =+IFERROR(VALUE(RIGHT(Tabla7[[#This Row],[B2B]],6)),"") -> 96 | AN8: =+IFERROR(VLOOKUP(AL8,Auxiliar!$A:$C,2,0),"") -> LATONES | AO8: =+IFERROR(VLOOKUP(AL8,Auxiliar!$A:$C,3,0),"") -> 1b 4% | 5b 7% | 97b 0% | AQ8: 493 | AR8: LATONES KT 2 | AS8: =+IFERROR(VALUE(RIGHT(Tabla8[[#This Row],[B2B]],6)),"") -> 493 | AT8: =+IFERROR(VLOOKUP(AR8,Auxiliar!$A:$C,2,0),"") -> LATONES | AU8: =+IFERROR(VLOOKUP(AR8,Auxiliar!$A:$C,3,0),"") -> 2b 3% | 4b 5% | 5b 8% | 193 0% | AW8: 3936 | AX8: LATONES AS 1 | AY8: =+IFERROR(VALUE(RIGHT(Tabla9[[#This Row],[B2B]],6)),"") -> 3936 | AZ8: =+IFERROR(VLOOKUP(AX8,Auxiliar!$A:$C,2,0),"") -> LATONES | BA8: =+IFERROR(VLOOKUP(AX8,Auxiliar!$A:$C,3,0),"") -> 2b 3% | 4b 4% | 6b 5% | 10b 8% | 385b 0% | BC8: 2669 | BD8: LATONES AS 2 | BE8: =+IFERROR(VALUE(RIGHT(Tabla10[[#This Row],[B2B]],6)),"") -> 2669 | BF8: =+IFERROR(VLOOKUP(BD8,Auxiliar!$A:$C,2,0),"") -> LATONES | BG8: =+IFERROR(VLOOKUP(BD8,Auxiliar!$A:$C,3,0),"") -> 6b 4% | 12b 5% | 15b 8% | 385b 0% | BI8: 4400 | BJ8: 1890 LITRO AS | BK8: =+IFERROR(VALUE(RIGHT(Tabla11[[#This Row],[B2B]],6)),"") -> 4400 | BL8: =+IFERROR(VLOOKUP(BJ8,Auxiliar!$A:$C,2,0),"") -> VALUE LITRO | BM8: =+IFERROR(VLOOKUP(BJ8,Auxiliar!$A:$C,3,0),"") -> 3b 12% | BO8: 3873 | BP8: 1890 LITRO KT | BQ8: =+IFERROR(VALUE(RIGHT(Tabla12[[#This Row],[B2B]],6)),"") -> 3873 | BR8: =+IFERROR(VLOOKUP(BP8,Auxiliar!$A:$C,2,0),"") -> VALUE LITRO | BS8: =+IFERROR(VLOOKUP(BP8,Auxiliar!$A:$C,3,0),"") -> 1b 12% | BU8: 2451 | BV8: CORONA 710 AS | BW8: =+IFERROR(VALUE(RIGHT(Tabla13[[#This Row],[B2B]],6)),"") -> 2451 | BX8: =+IFERROR(VLOOKUP(BV8,Auxiliar!$A:$C,2,0),"") -> Corona 710cc | BY8: =+IFERROR(VLOOKUP(BV8,Auxiliar!$A:$C,3,0),"") -> 3b 10% | 169b 0% | CA8: 63 | CB8: CORONA 710 KT | CC8: =+IFERROR(VALUE(RIGHT(Tabla14[[#This Row],[B2B]],6)),"") -> 63 | CD8: =+IFERROR(VLOOKUP(CB8,Auxiliar!$A:$C,2,0),"") -> Corona 710cc | CE8: =+IFERROR(VLOOKUP(CB8,Auxiliar!$A:$C,3,0),"") -> 1b 10% | 85b 0% | CG8: 4400 | CH8: 1890 LATA AS | CI8: =+IFERROR(VALUE(RIGHT(Tabla15[[#This Row],[B2B]],6)),"") -> 4400 | CJ8: =+IFERROR(VLOOKUP(CH8,Auxiliar!$A:$C,2,0),"") -> VALUE LATA | CK8: =+IFERROR(VLOOKUP(CH8,Auxiliar!$A:$C,3,0),"") -> 3b 15% | 100b 18% | CM8: 63 | CN8: SIN ALCOHOL | CO8: 63 | CP8: SIN ALCOHOL | CQ8: 0b 0% | CS8: 2451 | CT8: AO, PAT y SA - AS | CU8: =+IFERROR(VALUE(RIGHT(Tabla17[[#This Row],[B2B]],6)),"") -> 2451 | CV8: =+IFERROR(VLOOKUP(CT8,Auxiliar!$A:$C,2,0),"") -> PREMIUM | CW8: =+IFERROR(VLOOKUP(CT8,Auxiliar!$A:$C,3,0),"") -> 0b 0% | 5b 2% | 10b 3,5% | 20b 5% | CY8: 63 | CZ8: AO, PAT y SA - K+T | DA8: =+IFERROR(VALUE(RIGHT(Tabla18[[#This Row],[B2B]],6)),"") -> 63 | DB8: =+IFERROR(VLOOKUP(CZ8,Auxiliar!$A:$C,2,0),"") -> PREMIUM | DC8: =+IFERROR(VLOOKUP(CZ8,Auxiliar!$A:$C,3,0),"") -> 0b 0% | 2b 2% | 5b 3,5% | 10b 5% | DE8: 63 | DF8: MICHELOB | DG8: =+IFERROR(VALUE(RIGHT(Tabla19[[#This Row],[B2B]],6)),"") -> 63 | DH8: =+IFERROR(VLOOKUP(DF8,Auxiliar!$A:$C,2,0),"") -> MICHELOB | DI8: =+IFERROR(VLOOKUP(DF8,Auxiliar!$A:$C,3,0),"") -> 1b 7% | 3b 22% | 8b 27% | DK8: 2451 | DL8: CORONA PORRON AS | DM8: =+IFERROR(VALUE(RIGHT(Tabla20[[#This Row],[B2B]],6)),"") -> 2451 | DN8: =+IFERROR(VLOOKUP(DL8,Auxiliar!$A:$C,2,0),"") -> CORONA PORRON | DO8: =+IFERROR(VLOOKUP(DL8,Auxiliar!$A:$C,3,0),"") -> 3b 5% | 42b 0% | DQ8: 63 | DR8: CORONA PORRON KT | DS8: =+IFERROR(VALUE(RIGHT(Tabla21[[#This Row],[B2B]],6)),"") -> 63 | DT8: =+IFERROR(VLOOKUP(DR8,Auxiliar!$A:$C,2,0),"") -> CORONA PORRON | DU8: =+IFERROR(VLOOKUP(DR8,Auxiliar!$A:$C,3,0),"") -> 1b 5% | 20b 0% | DW8: 3873 | DX8: 1890 LATA KT | DY8: =+IFERROR(VALUE(RIGHT(Tabla22[[#This Row],[B2B]],6)),"") -> 3873 | DZ8: =+IFERROR(VLOOKUP(DX8,Auxiliar!$A:$C,2,0),"") -> VALUE LATA | EA8: =+IFERROR(VLOOKUP(DX8,Auxiliar!$A:$C,3,0),"") -> 1b 15% | 100b 18% | EC8: 3873 | ED8: 1890 LATON | EE8: =+IFERROR(VALUE(RIGHT(Tabla23[[#This Row],[B2B]],6)),"") -> 3873 | EF8: =+IFERROR(VLOOKUP(ED8,Auxiliar!$A:$C,2,0),"") -> VALUE LATON | EG8: =+IFERROR(VLOOKUP(ED8,Auxiliar!$A:$C,3,0),"") -> 1b 10% | 5b 15% | 192b 0% | EI8: 4488 | EJ8: 1890 LATON AS | EK8: =+IFERROR(VALUE(RIGHT(Tabla24[[#This Row],[B2B]],6)),"") -> 4488 | EL8: =+IFERROR(VLOOKUP(EJ8,Auxiliar!$A:$C,2,0),"") -> VALUE LATON | EM8: =+IFERROR(VLOOKUP(EJ8,Auxiliar!$A:$C,3,0),"") -> 3b 10% | 10b 15% | 384b 0% | EQ8: =+IFERROR(VALUE(RIGHT(Tabla25[[#This Row],[B2B]],6)),"") | ER8: =+IFERROR(VLOOKUP(EP8,Auxiliar!$A:$C,2,0),"") | ES8: =+IFERROR(VLOOKUP(EP8,Auxiliar!$A:$C,3,0),"") | EW8: =+IFERROR(VALUE(RIGHT(Tabla26[[#This Row],[B2B]],6)),"") | EX8: =+IFERROR(VLOOKUP(EV8,Auxiliar!$A:$C,2,0),"") | EY8: =+IFERROR(VLOOKUP(EV8,Auxiliar!$A:$C,3,0),"") | EZ8: 3710 | FA8: LLENADO KT 3 | FB8: =+IFERROR(VALUE(RIGHT(Tabla27[[#This Row],[B2B]],6)),"") -> 3710 | FC8: =+IFERROR(VLOOKUP(FA8,Auxiliar!$A:$C,2,0),"") -> CORE 2 | FD8: =+IFERROR(VLOOKUP(FA8,Auxiliar!$A:$C,3,0),"") -> 25b 9% | FG8: =+IFERROR(VALUE(RIGHT(Tabla28[[#This Row],[B2B]],6)),"") | FH8: =+IFERROR(VLOOKUP(FF8,Auxiliar!$A:$C,2,0),"") | FI8: =+IFERROR(VLOOKUP(FF8,Auxiliar!$A:$C,3,0),"") | FL8: =+IFERROR(VALUE(RIGHT(Tabla29[[#This Row],[B2B]],6)),"") | FM8: =+IFERROR(VLOOKUP(FK8,Auxiliar!$A:$C,2,0),"") | FN8: =+IFERROR(VLOOKUP(FK8,Auxiliar!$A:$C,3,0),"") | FQ8: =+IFERROR(VALUE(RIGHT(Tabla30[[#This Row],[B2B]],6)),"") | FR8: =+IFERROR(VLOOKUP(FP8,Auxiliar!$A:$C,2,0),"") | FV8: =+IFERROR(VALUE(RIGHT(Tabla31[[#This Row],[B2B]],6)),"") | FW8: =+IFERROR(VLOOKUP(FU8,Auxiliar!$A:$C,2,0),"") | FX8: =+IFERROR(VLOOKUP(FU8,Auxiliar!$A:$C,3,0),"") | GA8: =+IFERROR(VALUE(RIGHT(Tabla32[[#This Row],[B2B]],6)),"") | GB8: =+IFERROR(VLOOKUP(FZ8,Auxiliar!$A:$C,2,0),"") | GC8: =+IFERROR(VLOOKUP(FZ8,Auxiliar!$A:$C,3,0),"") | GF8: =+IFERROR(VALUE(RIGHT(Tabla33[[#This Row],[B2B]],6)),"") | GG8: =+IFERROR(VLOOKUP(GE8,Auxiliar!$A:$C,2,0),"") | GH8: =+IFERROR(VLOOKUP(GE8,Auxiliar!$A:$C,3,0),"")
A9: 3018 | B9: TIER 1 CORE AS | C9: =+IFERROR(VALUE(RIGHT(Tabla1[[#This Row],[B2B]],6)),"") -> 3018 | D9: =+IFERROR(VLOOKUP(B9,Auxiliar!$A:$C,2,0),"") -> CORE | E9: =+IFERROR(VLOOKUP(B9,Auxiliar!$A:$C,3,0),"") -> 0b 1% | 5b 4% | 10b 5% | 15b 6% | 25b 9% | G9: 5827 | H9: TIER 2 CORE AS | I9: =+IFERROR(VALUE(RIGHT(Tabla2[[#This Row],[B2B]],6)),"") -> 5827 | J9: =+IFERROR(VLOOKUP(H9,Auxiliar!$A:$C,2,0),"") -> CORE | K9: =+IFERROR(VLOOKUP(H9,Auxiliar!$A:$C,3,0),"") -> 0b 1% | 15b 4% | 40b 5% | 60b 9% | O9: =+IFERROR(VALUE(RIGHT(Tabla3[[#This Row],[B2B]],6)),"") | P9: =+IFERROR(VLOOKUP(N9,Auxiliar!$A:$C,2,0),"") | Q9: =+IFERROR(VLOOKUP(N9,Auxiliar!$A:$C,3,0),"") | S9: 170 | T9: TIER 1 CORE KT | U9: =+IFERROR(VALUE(RIGHT(Tabla4[[#This Row],[B2B]],6)),"") -> 170 | V9: =+IFERROR(VLOOKUP(T9,Auxiliar!$A:$C,2,0),"") -> CORE | W9: =+IFERROR(VLOOKUP(T9,Auxiliar!$A:$C,3,0),"") -> 0b 1% | 2b 5% | 4b 6% | Y9: 606 | Z9: TIER 2 CORE KT | AA9: =+IFERROR(VALUE(RIGHT(Tabla5[[#This Row],[B2B]],6)),"") -> 606 | AB9: =+IFERROR(VLOOKUP(Z9,Auxiliar!$A:$C,2,0),"") -> CORE | AC9: =+IFERROR(VLOOKUP(Z9,Auxiliar!$A:$C,3,0),"") -> 0b 1% | 3b 4% | 5b 6% | AE9: 764 | AF9: TIER 3 CORE KT | AG9: =+IFERROR(VALUE(RIGHT(Tabla6[[#This Row],[B2B]],6)),"") -> 764 | AH9: =+IFERROR(VLOOKUP(AF9,Auxiliar!$A:$C,2,0),"") -> CORE | AI9: =+IFERROR(VLOOKUP(AF9,Auxiliar!$A:$C,3,0),"") -> 0b 1% | 6b 5% | 10b 6% | AK9: 149 | AL9: LATONES KT 1 | AM9: =+IFERROR(VALUE(RIGHT(Tabla7[[#This Row],[B2B]],6)),"") -> 149 | AN9: =+IFERROR(VLOOKUP(AL9,Auxiliar!$A:$C,2,0),"") -> LATONES | AO9: =+IFERROR(VLOOKUP(AL9,Auxiliar!$A:$C,3,0),"") -> 1b 4% | 5b 7% | 97b 0% | AQ9: 501 | AR9: LATONES KT 2 | AS9: =+IFERROR(VALUE(RIGHT(Tabla8[[#This Row],[B2B]],6)),"") -> 501 | AT9: =+IFERROR(VLOOKUP(AR9,Auxiliar!$A:$C,2,0),"") -> LATONES | AU9: =+IFERROR(VLOOKUP(AR9,Auxiliar!$A:$C,3,0),"") -> 2b 3% | 4b 5% | 5b 8% | 193 0% | AW9: 4373 | AX9: LATONES AS 1 | AY9: =+IFERROR(VALUE(RIGHT(Tabla9[[#This Row],[B2B]],6)),"") -> 4373 | AZ9: =+IFERROR(VLOOKUP(AX9,Auxiliar!$A:$C,2,0),"") -> LATONES | BA9: =+IFERROR(VLOOKUP(AX9,Auxiliar!$A:$C,3,0),"") -> 2b 3% | 4b 4% | 6b 5% | 10b 8% | 385b 0% | BC9: 2767 | BD9: LATONES AS 2 | BE9: =+IFERROR(VALUE(RIGHT(Tabla10[[#This Row],[B2B]],6)),"") -> 2767 | BF9: =+IFERROR(VLOOKUP(BD9,Auxiliar!$A:$C,2,0),"") -> LATONES | BG9: =+IFERROR(VLOOKUP(BD9,Auxiliar!$A:$C,3,0),"") -> 6b 4% | 12b 5% | 15b 8% | 385b 0% | BI9: 4488 | BJ9: 1890 LITRO AS | BK9: =+IFERROR(VALUE(RIGHT(Tabla11[[#This Row],[B2B]],6)),"") -> 4488 | BL9: =+IFERROR(VLOOKUP(BJ9,Auxiliar!$A:$C,2,0),"") -> VALUE LITRO | BM9: =+IFERROR(VLOOKUP(BJ9,Auxiliar!$A:$C,3,0),"") -> 3b 12% | BO9: 3879 | BP9: 1890 LITRO KT | BQ9: =+IFERROR(VALUE(RIGHT(Tabla12[[#This Row],[B2B]],6)),"") -> 3879 | BR9: =+IFERROR(VLOOKUP(BP9,Auxiliar!$A:$C,2,0),"") -> VALUE LITRO | BS9: =+IFERROR(VLOOKUP(BP9,Auxiliar!$A:$C,3,0),"") -> 1b 12% | BU9: 2669 | BV9: CORONA 710 AS | BW9: =+IFERROR(VALUE(RIGHT(Tabla13[[#This Row],[B2B]],6)),"") -> 2669 | BX9: =+IFERROR(VLOOKUP(BV9,Auxiliar!$A:$C,2,0),"") -> Corona 710cc | BY9: =+IFERROR(VLOOKUP(BV9,Auxiliar!$A:$C,3,0),"") -> 3b 10% | 169b 0% | CA9: 71 | CB9: CORONA 710 KT | CC9: =+IFERROR(VALUE(RIGHT(Tabla14[[#This Row],[B2B]],6)),"") -> 71 | CD9: =+IFERROR(VLOOKUP(CB9,Auxiliar!$A:$C,2,0),"") -> Corona 710cc | CE9: =+IFERROR(VLOOKUP(CB9,Auxiliar!$A:$C,3,0),"") -> 1b 10% | 85b 0% | CG9: 4488 | CH9: 1890 LATA AS | CI9: =+IFERROR(VALUE(RIGHT(Tabla15[[#This Row],[B2B]],6)),"") -> 4488 | CJ9: =+IFERROR(VLOOKUP(CH9,Auxiliar!$A:$C,2,0),"") -> VALUE LATA | CK9: =+IFERROR(VLOOKUP(CH9,Auxiliar!$A:$C,3,0),"") -> 3b 15% | 100b 18% | CM9: 71 | CN9: SIN ALCOHOL | CO9: 71 | CP9: SIN ALCOHOL | CQ9: 0b 0% | CS9: 2669 | CT9: AO, PAT y SA - AS | CU9: =+IFERROR(VALUE(RIGHT(Tabla17[[#This Row],[B2B]],6)),"") -> 2669 | CV9: =+IFERROR(VLOOKUP(CT9,Auxiliar!$A:$C,2,0),"") -> PREMIUM | CW9: =+IFERROR(VLOOKUP(CT9,Auxiliar!$A:$C,3,0),"") -> 0b 0% | 5b 2% | 10b 3,5% | 20b 5% | CY9: 71 | CZ9: AO, PAT y SA - K+T | DA9: =+IFERROR(VALUE(RIGHT(Tabla18[[#This Row],[B2B]],6)),"") -> 71 | DB9: =+IFERROR(VLOOKUP(CZ9,Auxiliar!$A:$C,2,0),"") -> PREMIUM | DC9: =+IFERROR(VLOOKUP(CZ9,Auxiliar!$A:$C,3,0),"") -> 0b 0% | 2b 2% | 5b 3,5% | 10b 5% | DE9: 71 | DF9: MICHELOB | DG9: =+IFERROR(VALUE(RIGHT(Tabla19[[#This Row],[B2B]],6)),"") -> 71 | DH9: =+IFERROR(VLOOKUP(DF9,Auxiliar!$A:$C,2,0),"") -> MICHELOB | DI9: =+IFERROR(VLOOKUP(DF9,Auxiliar!$A:$C,3,0),"") -> 1b 7% | 3b 22% | 8b 27% | DK9: 2669 | DL9: CORONA PORRON AS | DM9: =+IFERROR(VALUE(RIGHT(Tabla20[[#This Row],[B2B]],6)),"") -> 2669 | DN9: =+IFERROR(VLOOKUP(DL9,Auxiliar!$A:$C,2,0),"") -> CORONA PORRON | DO9: =+IFERROR(VLOOKUP(DL9,Auxiliar!$A:$C,3,0),"") -> 3b 5% | 42b 0% | DQ9: 71 | DR9: CORONA PORRON KT | DS9: =+IFERROR(VALUE(RIGHT(Tabla21[[#This Row],[B2B]],6)),"") -> 71 | DT9: =+IFERROR(VLOOKUP(DR9,Auxiliar!$A:$C,2,0),"") -> CORONA PORRON | DU9: =+IFERROR(VLOOKUP(DR9,Auxiliar!$A:$C,3,0),"") -> 1b 5% | 20b 0% | DW9: 3879 | DX9: 1890 LATA KT | DY9: =+IFERROR(VALUE(RIGHT(Tabla22[[#This Row],[B2B]],6)),"") -> 3879 | DZ9: =+IFERROR(VLOOKUP(DX9,Auxiliar!$A:$C,2,0),"") -> VALUE LATA | EA9: =+IFERROR(VLOOKUP(DX9,Auxiliar!$A:$C,3,0),"") -> 1b 15% | 100b 18% | EC9: 3879 | ED9: 1890 LATON | EE9: =+IFERROR(VALUE(RIGHT(Tabla23[[#This Row],[B2B]],6)),"") -> 3879 | EF9: =+IFERROR(VLOOKUP(ED9,Auxiliar!$A:$C,2,0),"") -> VALUE LATON | EG9: =+IFERROR(VLOOKUP(ED9,Auxiliar!$A:$C,3,0),"") -> 1b 10% | 5b 15% | 192b 0% | EI9: 4515 | EJ9: 1890 LATON AS | EK9: =+IFERROR(VALUE(RIGHT(Tabla24[[#This Row],[B2B]],6)),"") -> 4515 | EL9: =+IFERROR(VLOOKUP(EJ9,Auxiliar!$A:$C,2,0),"") -> VALUE LATON | EM9: =+IFERROR(VLOOKUP(EJ9,Auxiliar!$A:$C,3,0),"") -> 3b 10% | 10b 15% | 384b 0% | EQ9: =+IFERROR(VALUE(RIGHT(Tabla25[[#This Row],[B2B]],6)),"") | ER9: =+IFERROR(VLOOKUP(EP9,Auxiliar!$A:$C,2,0),"") | ES9: =+IFERROR(VLOOKUP(EP9,Auxiliar!$A:$C,3,0),"") | EW9: =+IFERROR(VALUE(RIGHT(Tabla26[[#This Row],[B2B]],6)),"") | EX9: =+IFERROR(VLOOKUP(EV9,Auxiliar!$A:$C,2,0),"") | EY9: =+IFERROR(VLOOKUP(EV9,Auxiliar!$A:$C,3,0),"") | EZ9: 4489 | FA9: LLENADO KT 3 | FB9: =+IFERROR(VALUE(RIGHT(Tabla27[[#This Row],[B2B]],6)),"") -> 4489 | FC9: =+IFERROR(VLOOKUP(FA9,Auxiliar!$A:$C,2,0),"") -> CORE 2 | FD9: =+IFERROR(VLOOKUP(FA9,Auxiliar!$A:$C,3,0),"") -> 25b 9% | FG9: =+IFERROR(VALUE(RIGHT(Tabla28[[#This Row],[B2B]],6)),"") | FH9: =+IFERROR(VLOOKUP(FF9,Auxiliar!$A:$C,2,0),"") | FI9: =+IFERROR(VLOOKUP(FF9,Auxiliar!$A:$C,3,0),"") | FL9: =+IFERROR(VALUE(RIGHT(Tabla29[[#This Row],[B2B]],6)),"") | FM9: =+IFERROR(VLOOKUP(FK9,Auxiliar!$A:$C,2,0),"") | FN9: =+IFERROR(VLOOKUP(FK9,Auxiliar!$A:$C,3,0),"") | FQ9: =+IFERROR(VALUE(RIGHT(Tabla30[[#This Row],[B2B]],6)),"") | FR9: =+IFERROR(VLOOKUP(FP9,Auxiliar!$A:$C,2,0),"") | FV9: =+IFERROR(VALUE(RIGHT(Tabla31[[#This Row],[B2B]],6)),"") | FW9: =+IFERROR(VLOOKUP(FU9,Auxiliar!$A:$C,2,0),"") | FX9: =+IFERROR(VLOOKUP(FU9,Auxiliar!$A:$C,3,0),"") | GA9: =+IFERROR(VALUE(RIGHT(Tabla32[[#This Row],[B2B]],6)),"") | GB9: =+IFERROR(VLOOKUP(FZ9,Auxiliar!$A:$C,2,0),"") | GC9: =+IFERROR(VLOOKUP(FZ9,Auxiliar!$A:$C,3,0),"") | GF9: =+IFERROR(VALUE(RIGHT(Tabla33[[#This Row],[B2B]],6)),"") | GG9: =+IFERROR(VLOOKUP(GE9,Auxiliar!$A:$C,2,0),"") | GH9: =+IFERROR(VLOOKUP(GE9,Auxiliar!$A:$C,3,0),"")
A10: 3114 | B10: TIER 1 CORE AS | C10: =+IFERROR(VALUE(RIGHT(Tabla1[[#This Row],[B2B]],6)),"") -> 3114 | D10: =+IFERROR(VLOOKUP(B10,Auxiliar!$A:$C,2,0),"") -> CORE | E10: =+IFERROR(VLOOKUP(B10,Auxiliar!$A:$C,3,0),"") -> 0b 1% | 5b 4% | 10b 5% | 15b 6% | 25b 9% | G10: 6360 | H10: TIER 2 CORE AS | I10: =+IFERROR(VALUE(RIGHT(Tabla2[[#This Row],[B2B]],6)),"") -> 6360 | J10: =+IFERROR(VLOOKUP(H10,Auxiliar!$A:$C,2,0),"") -> CORE | K10: =+IFERROR(VLOOKUP(H10,Auxiliar!$A:$C,3,0),"") -> 0b 1% | 15b 4% | 40b 5% | 60b 9% | O10: =+IFERROR(VALUE(RIGHT(Tabla3[[#This Row],[B2B]],6)),"") | P10: =+IFERROR(VLOOKUP(N10,Auxiliar!$A:$C,2,0),"") | Q10: =+IFERROR(VLOOKUP(N10,Auxiliar!$A:$C,3,0),"") | S10: 229 | T10: TIER 1 CORE KT | U10: =+IFERROR(VALUE(RIGHT(Tabla4[[#This Row],[B2B]],6)),"") -> 229 | V10: =+IFERROR(VLOOKUP(T10,Auxiliar!$A:$C,2,0),"") -> CORE | W10: =+IFERROR(VLOOKUP(T10,Auxiliar!$A:$C,3,0),"") -> 0b 1% | 2b 5% | 4b 6% | Y10: 615 | Z10: TIER 2 CORE KT | AA10: =+IFERROR(VALUE(RIGHT(Tabla5[[#This Row],[B2B]],6)),"") -> 615 | AB10: =+IFERROR(VLOOKUP(Z10,Auxiliar!$A:$C,2,0),"") -> CORE | AC10: =+IFERROR(VLOOKUP(Z10,Auxiliar!$A:$C,3,0),"") -> 0b 1% | 3b 4% | 5b 6% | AE10: 781 | AF10: TIER 3 CORE KT | AG10: =+IFERROR(VALUE(RIGHT(Tabla6[[#This Row],[B2B]],6)),"") -> 781 | AH10: =+IFERROR(VLOOKUP(AF10,Auxiliar!$A:$C,2,0),"") -> CORE | AI10: =+IFERROR(VLOOKUP(AF10,Auxiliar!$A:$C,3,0),"") -> 0b 1% | 6b 5% | 10b 6% | AK10: 170 | AL10: LATONES KT 1 | AM10: =+IFERROR(VALUE(RIGHT(Tabla7[[#This Row],[B2B]],6)),"") -> 170 | AN10: =+IFERROR(VLOOKUP(AL10,Auxiliar!$A:$C,2,0),"") -> LATONES | AO10: =+IFERROR(VLOOKUP(AL10,Auxiliar!$A:$C,3,0),"") -> 1b 4% | 5b 7% | 97b 0% | AQ10: 615 | AR10: LATONES KT 2 | AS10: =+IFERROR(VALUE(RIGHT(Tabla8[[#This Row],[B2B]],6)),"") -> 615 | AT10: =+IFERROR(VLOOKUP(AR10,Auxiliar!$A:$C,2,0),"") -> LATONES | AU10: =+IFERROR(VLOOKUP(AR10,Auxiliar!$A:$C,3,0),"") -> 2b 3% | 4b 5% | 5b 8% | 193 0% | AW10: 4515 | AX10: LATONES AS 1 | AY10: =+IFERROR(VALUE(RIGHT(Tabla9[[#This Row],[B2B]],6)),"") -> 4515 | AZ10: =+IFERROR(VLOOKUP(AX10,Auxiliar!$A:$C,2,0),"") -> LATONES | BA10: =+IFERROR(VLOOKUP(AX10,Auxiliar!$A:$C,3,0),"") -> 2b 3% | 4b 4% | 6b 5% | 10b 8% | 385b 0% | BC10: 2940 | BD10: LATONES AS 2 | BE10: =+IFERROR(VALUE(RIGHT(Tabla10[[#This Row],[B2B]],6)),"") -> 2940 | BF10: =+IFERROR(VLOOKUP(BD10,Auxiliar!$A:$C,2,0),"") -> LATONES | BG10: =+IFERROR(VLOOKUP(BD10,Auxiliar!$A:$C,3,0),"") -> 6b 4% | 12b 5% | 15b 8% | 385b 0% | BI10: 4515 | BJ10: 1890 LITRO AS | BK10: =+IFERROR(VALUE(RIGHT(Tabla11[[#This Row],[B2B]],6)),"") -> 4515 | BL10: =+IFERROR(VLOOKUP(BJ10,Auxiliar!$A:$C,2,0),"") -> VALUE LITRO | BM10: =+IFERROR(VLOOKUP(BJ10,Auxiliar!$A:$C,3,0),"") -> 3b 12% | BO10: 3883 | BP10: 1890 LITRO KT | BQ10: =+IFERROR(VALUE(RIGHT(Tabla12[[#This Row],[B2B]],6)),"") -> 3883 | BR10: =+IFERROR(VLOOKUP(BP10,Auxiliar!$A:$C,2,0),"") -> VALUE LITRO | BS10: =+IFERROR(VLOOKUP(BP10,Auxiliar!$A:$C,3,0),"") -> 1b 12% | BU10: 2767 | BV10: CORONA 710 AS | BW10: =+IFERROR(VALUE(RIGHT(Tabla13[[#This Row],[B2B]],6)),"") -> 2767 | BX10: =+IFERROR(VLOOKUP(BV10,Auxiliar!$A:$C,2,0),"") -> Corona 710cc | BY10: =+IFERROR(VLOOKUP(BV10,Auxiliar!$A:$C,3,0),"") -> 3b 10% | 169b 0% | CA10: 72 | CB10: CORONA 710 KT | CC10: =+IFERROR(VALUE(RIGHT(Tabla14[[#This Row],[B2B]],6)),"") -> 72 | CD10: =+IFERROR(VLOOKUP(CB10,Auxiliar!$A:$C,2,0),"") -> Corona 710cc | CE10: =+IFERROR(VLOOKUP(CB10,Auxiliar!$A:$C,3,0),"") -> 1b 10% | 85b 0% | CG10: 4515 | CH10: 1890 LATA AS | CI10: =+IFERROR(VALUE(RIGHT(Tabla15[[#This Row],[B2B]],6)),"") -> 4515 | CJ10: =+IFERROR(VLOOKUP(CH10,Auxiliar!$A:$C,2,0),"") -> VALUE LATA | CK10: =+IFERROR(VLOOKUP(CH10,Auxiliar!$A:$C,3,0),"") -> 3b 15% | 100b 18% | CM10: 72 | CN10: SIN ALCOHOL | CO10: 72 | CP10: SIN ALCOHOL | CQ10: 0b 0% | CS10: 2767 | CT10: AO, PAT y SA - AS | CU10: =+IFERROR(VALUE(RIGHT(Tabla17[[#This Row],[B2B]],6)),"") -> 2767 | CV10: =+IFERROR(VLOOKUP(CT10,Auxiliar!$A:$C,2,0),"") -> PREMIUM | CW10: =+IFERROR(VLOOKUP(CT10,Auxiliar!$A:$C,3,0),"") -> 0b 0% | 5b 2% | 10b 3,5% | 20b 5% | CY10: 72 | CZ10: AO, PAT y SA - K+T | DA10: =+IFERROR(VALUE(RIGHT(Tabla18[[#This Row],[B2B]],6)),"") -> 72 | DB10: =+IFERROR(VLOOKUP(CZ10,Auxiliar!$A:$C,2,0),"") -> PREMIUM | DC10: =+IFERROR(VLOOKUP(CZ10,Auxiliar!$A:$C,3,0),"") -> 0b 0% | 2b 2% | 5b 3,5% | 10b 5% | DE10: 72 | DF10: MICHELOB | DG10: =+IFERROR(VALUE(RIGHT(Tabla19[[#This Row],[B2B]],6)),"") -> 72 | DH10: =+IFERROR(VLOOKUP(DF10,Auxiliar!$A:$C,2,0),"") -> MICHELOB | DI10: =+IFERROR(VLOOKUP(DF10,Auxiliar!$A:$C,3,0),"") -> 1b 7% | 3b 22% | 8b 27% | DK10: 2767 | DL10: CORONA PORRON AS | DM10: =+IFERROR(VALUE(RIGHT(Tabla20[[#This Row],[B2B]],6)),"") -> 2767 | DN10: =+IFERROR(VLOOKUP(DL10,Auxiliar!$A:$C,2,0),"") -> CORONA PORRON | DO10: =+IFERROR(VLOOKUP(DL10,Auxiliar!$A:$C,3,0),"") -> 3b 5% | 42b 0% | DQ10: 72 | DR10: CORONA PORRON KT | DS10: =+IFERROR(VALUE(RIGHT(Tabla21[[#This Row],[B2B]],6)),"") -> 72 | DT10: =+IFERROR(VLOOKUP(DR10,Auxiliar!$A:$C,2,0),"") -> CORONA PORRON | DU10: =+IFERROR(VLOOKUP(DR10,Auxiliar!$A:$C,3,0),"") -> 1b 5% | 20b 0% | DW10: 3883 | DX10: 1890 LATA KT | DY10: =+IFERROR(VALUE(RIGHT(Tabla22[[#This Row],[B2B]],6)),"") -> 3883 | DZ10: =+IFERROR(VLOOKUP(DX10,Auxiliar!$A:$C,2,0),"") -> VALUE LATA | EA10: =+IFERROR(VLOOKUP(DX10,Auxiliar!$A:$C,3,0),"") -> 1b 15% | 100b 18% | EC10: 3883 | ED10: 1890 LATON | EE10: =+IFERROR(VALUE(RIGHT(Tabla23[[#This Row],[B2B]],6)),"") -> 3883 | EF10: =+IFERROR(VLOOKUP(ED10,Auxiliar!$A:$C,2,0),"") -> VALUE LATON | EG10: =+IFERROR(VLOOKUP(ED10,Auxiliar!$A:$C,3,0),"") -> 1b 10% | 5b 15% | 192b 0% | EI10: 4550 | EJ10: 1890 LATON AS | EK10: =+IFERROR(VALUE(RIGHT(Tabla24[[#This Row],[B2B]],6)),"") -> 4550 | EL10: =+IFERROR(VLOOKUP(EJ10,Auxiliar!$A:$C,2,0),"") -> VALUE LATON | EM10: =+IFERROR(VLOOKUP(EJ10,Auxiliar!$A:$C,3,0),"") -> 3b 10% | 10b 15% | 384b 0% | EQ10: =+IFERROR(VALUE(RIGHT(Tabla25[[#This Row],[B2B]],6)),"") | ER10: =+IFERROR(VLOOKUP(EP10,Auxiliar!$A:$C,2,0),"") | ES10: =+IFERROR(VLOOKUP(EP10,Auxiliar!$A:$C,3,0),"") | EW10: =+IFERROR(VALUE(RIGHT(Tabla26[[#This Row],[B2B]],6)),"") | EX10: =+IFERROR(VLOOKUP(EV10,Auxiliar!$A:$C,2,0),"") | EY10: =+IFERROR(VLOOKUP(EV10,Auxiliar!$A:$C,3,0),"") | EZ10: 4807 | FA10: LLENADO KT 3 | FB10: =+IFERROR(VALUE(RIGHT(Tabla27[[#This Row],[B2B]],6)),"") -> 4807 | FC10: =+IFERROR(VLOOKUP(FA10,Auxiliar!$A:$C,2,0),"") -> CORE 2 | FD10: =+IFERROR(VLOOKUP(FA10,Auxiliar!$A:$C,3,0),"") -> 25b 9% | FG10: =+IFERROR(VALUE(RIGHT(Tabla28[[#This Row],[B2B]],6)),"") | FH10: =+IFERROR(VLOOKUP(FF10,Auxiliar!$A:$C,2,0),"") | FI10: =+IFERROR(VLOOKUP(FF10,Auxiliar!$A:$C,3,0),"") | FL10: =+IFERROR(VALUE(RIGHT(Tabla29[[#This Row],[B2B]],6)),"") | FM10: =+IFERROR(VLOOKUP(FK10,Auxiliar!$A:$C,2,0),"") | FN10: =+IFERROR(VLOOKUP(FK10,Auxiliar!$A:$C,3,0),"") | FQ10: =+IFERROR(VALUE(RIGHT(Tabla30[[#This Row],[B2B]],6)),"") | FR10: =+IFERROR(VLOOKUP(FP10,Auxiliar!$A:$C,2,0),"") | FV10: =+IFERROR(VALUE(RIGHT(Tabla31[[#This Row],[B2B]],6)),"") | FW10: =+IFERROR(VLOOKUP(FU10,Auxiliar!$A:$C,2,0),"") | FX10: =+IFERROR(VLOOKUP(FU10,Auxiliar!$A:$C,3,0),"") | GA10: =+IFERROR(VALUE(RIGHT(Tabla32[[#This Row],[B2B]],6)),"") | GB10: =+IFERROR(VLOOKUP(FZ10,Auxiliar!$A:$C,2,0),"") | GC10: =+IFERROR(VLOOKUP(FZ10,Auxiliar!$A:$C,3,0),"") | GF10: =+IFERROR(VALUE(RIGHT(Tabla33[[#This Row],[B2B]],6)),"") | GG10: =+IFERROR(VLOOKUP(GE10,Auxiliar!$A:$C,2,0),"") | GH10: =+IFERROR(VLOOKUP(GE10,Auxiliar!$A:$C,3,0),"")
A11: 3360 | B11: TIER 1 CORE AS | C11: =+IFERROR(VALUE(RIGHT(Tabla1[[#This Row],[B2B]],6)),"") -> 3360 | D11: =+IFERROR(VLOOKUP(B11,Auxiliar!$A:$C,2,0),"") -> CORE | E11: =+IFERROR(VLOOKUP(B11,Auxiliar!$A:$C,3,0),"") -> 0b 1% | 5b 4% | 10b 5% | 15b 6% | 25b 9% | G11: 6965 | H11: TIER 2 CORE AS | I11: =+IFERROR(VALUE(RIGHT(Tabla2[[#This Row],[B2B]],6)),"") -> 6965 | J11: =+IFERROR(VLOOKUP(H11,Auxiliar!$A:$C,2,0),"") -> CORE | K11: =+IFERROR(VLOOKUP(H11,Auxiliar!$A:$C,3,0),"") -> 0b 1% | 15b 4% | 40b 5% | 60b 9% | O11: =+IFERROR(VALUE(RIGHT(Tabla3[[#This Row],[B2B]],6)),"") | P11: =+IFERROR(VLOOKUP(N11,Auxiliar!$A:$C,2,0),"") | Q11: =+IFERROR(VLOOKUP(N11,Auxiliar!$A:$C,3,0),"") | S11: 289 | T11: TIER 1 CORE KT | U11: =+IFERROR(VALUE(RIGHT(Tabla4[[#This Row],[B2B]],6)),"") -> 289 | V11: =+IFERROR(VLOOKUP(T11,Auxiliar!$A:$C,2,0),"") -> CORE | W11: =+IFERROR(VLOOKUP(T11,Auxiliar!$A:$C,3,0),"") -> 0b 1% | 2b 5% | 4b 6% | Y11: 621 | Z11: TIER 2 CORE KT | AA11: =+IFERROR(VALUE(RIGHT(Tabla5[[#This Row],[B2B]],6)),"") -> 621 | AB11: =+IFERROR(VLOOKUP(Z11,Auxiliar!$A:$C,2,0),"") -> CORE | AC11: =+IFERROR(VLOOKUP(Z11,Auxiliar!$A:$C,3,0),"") -> 0b 1% | 3b 4% | 5b 6% | AE11: 923 | AF11: TIER 3 CORE KT | AG11: =+IFERROR(VALUE(RIGHT(Tabla6[[#This Row],[B2B]],6)),"") -> 923 | AH11: =+IFERROR(VLOOKUP(AF11,Auxiliar!$A:$C,2,0),"") -> CORE | AI11: =+IFERROR(VLOOKUP(AF11,Auxiliar!$A:$C,3,0),"") -> 0b 1% | 6b 5% | 10b 6% | AK11: 229 | AL11: LATONES KT 1 | AM11: =+IFERROR(VALUE(RIGHT(Tabla7[[#This Row],[B2B]],6)),"") -> 229 | AN11: =+IFERROR(VLOOKUP(AL11,Auxiliar!$A:$C,2,0),"") -> LATONES | AO11: =+IFERROR(VLOOKUP(AL11,Auxiliar!$A:$C,3,0),"") -> 1b 4% | 5b 7% | 97b 0% | AQ11: 630 | AR11: LATONES KT 2 | AS11: =+IFERROR(VALUE(RIGHT(Tabla8[[#This Row],[B2B]],6)),"") -> 630 | AT11: =+IFERROR(VLOOKUP(AR11,Auxiliar!$A:$C,2,0),"") -> LATONES | AU11: =+IFERROR(VLOOKUP(AR11,Auxiliar!$A:$C,3,0),"") -> 2b 3% | 4b 5% | 5b 8% | 193 0% | AW11: 5038 | AX11: LATONES AS 1 | AY11: =+IFERROR(VALUE(RIGHT(Tabla9[[#This Row],[B2B]],6)),"") -> 5038 | AZ11: =+IFERROR(VLOOKUP(AX11,Auxiliar!$A:$C,2,0),"") -> LATONES | BA11: =+IFERROR(VLOOKUP(AX11,Auxiliar!$A:$C,3,0),"") -> 2b 3% | 4b 4% | 6b 5% | 10b 8% | 385b 0% | BC11: 3360 | BD11: LATONES AS 2 | BE11: =+IFERROR(VALUE(RIGHT(Tabla10[[#This Row],[B2B]],6)),"") -> 3360 | BF11: =+IFERROR(VLOOKUP(BD11,Auxiliar!$A:$C,2,0),"") -> LATONES | BG11: =+IFERROR(VLOOKUP(BD11,Auxiliar!$A:$C,3,0),"") -> 6b 4% | 12b 5% | 15b 8% | 385b 0% | BI11: 4550 | BJ11: 1890 LITRO AS | BK11: =+IFERROR(VALUE(RIGHT(Tabla11[[#This Row],[B2B]],6)),"") -> 4550 | BL11: =+IFERROR(VLOOKUP(BJ11,Auxiliar!$A:$C,2,0),"") -> VALUE LITRO | BM11: =+IFERROR(VLOOKUP(BJ11,Auxiliar!$A:$C,3,0),"") -> 3b 12% | BO11: 5560 | BP11: 1890 LITRO KT | BQ11: =+IFERROR(VALUE(RIGHT(Tabla12[[#This Row],[B2B]],6)),"") -> 5560 | BR11: =+IFERROR(VLOOKUP(BP11,Auxiliar!$A:$C,2,0),"") -> VALUE LITRO | BS11: =+IFERROR(VLOOKUP(BP11,Auxiliar!$A:$C,3,0),"") -> 1b 12% | BU11: 2822 | BV11: CORONA 710 AS | BW11: =+IFERROR(VALUE(RIGHT(Tabla13[[#This Row],[B2B]],6)),"") -> 2822 | BX11: =+IFERROR(VLOOKUP(BV11,Auxiliar!$A:$C,2,0),"") -> Corona 710cc | BY11: =+IFERROR(VLOOKUP(BV11,Auxiliar!$A:$C,3,0),"") -> 3b 10% | 169b 0% | CA11: 132 | CB11: CORONA 710 KT | CC11: =+IFERROR(VALUE(RIGHT(Tabla14[[#This Row],[B2B]],6)),"") -> 132 | CD11: =+IFERROR(VLOOKUP(CB11,Auxiliar!$A:$C,2,0),"") -> Corona 710cc | CE11: =+IFERROR(VLOOKUP(CB11,Auxiliar!$A:$C,3,0),"") -> 1b 10% | 85b 0% | CG11: 4550 | CH11: 1890 LATA AS | CI11: =+IFERROR(VALUE(RIGHT(Tabla15[[#This Row],[B2B]],6)),"") -> 4550 | CJ11: =+IFERROR(VLOOKUP(CH11,Auxiliar!$A:$C,2,0),"") -> VALUE LATA | CK11: =+IFERROR(VLOOKUP(CH11,Auxiliar!$A:$C,3,0),"") -> 3b 15% | 100b 18% | CM11: 132 | CN11: SIN ALCOHOL | CO11: 132 | CP11: SIN ALCOHOL | CQ11: 0b 0% | CS11: 2822 | CT11: AO, PAT y SA - AS | CU11: =+IFERROR(VALUE(RIGHT(Tabla17[[#This Row],[B2B]],6)),"") -> 2822 | CV11: =+IFERROR(VLOOKUP(CT11,Auxiliar!$A:$C,2,0),"") -> PREMIUM | CW11: =+IFERROR(VLOOKUP(CT11,Auxiliar!$A:$C,3,0),"") -> 0b 0% | 5b 2% | 10b 3,5% | 20b 5% | CY11: 132 | CZ11: AO, PAT y SA - K+T | DA11: =+IFERROR(VALUE(RIGHT(Tabla18[[#This Row],[B2B]],6)),"") -> 132 | DB11: =+IFERROR(VLOOKUP(CZ11,Auxiliar!$A:$C,2,0),"") -> PREMIUM | DC11: =+IFERROR(VLOOKUP(CZ11,Auxiliar!$A:$C,3,0),"") -> 0b 0% | 2b 2% | 5b 3,5% | 10b 5% | DE11: 132 | DF11: MICHELOB | DG11: =+IFERROR(VALUE(RIGHT(Tabla19[[#This Row],[B2B]],6)),"") -> 132 | DH11: =+IFERROR(VLOOKUP(DF11,Auxiliar!$A:$C,2,0),"") -> MICHELOB | DI11: =+IFERROR(VLOOKUP(DF11,Auxiliar!$A:$C,3,0),"") -> 1b 7% | 3b 22% | 8b 27% | DK11: 2822 | DL11: CORONA PORRON AS | DM11: =+IFERROR(VALUE(RIGHT(Tabla20[[#This Row],[B2B]],6)),"") -> 2822 | DN11: =+IFERROR(VLOOKUP(DL11,Auxiliar!$A:$C,2,0),"") -> CORONA PORRON | DO11: =+IFERROR(VLOOKUP(DL11,Auxiliar!$A:$C,3,0),"") -> 3b 5% | 42b 0% | DQ11: 132 | DR11: CORONA PORRON KT | DS11: =+IFERROR(VALUE(RIGHT(Tabla21[[#This Row],[B2B]],6)),"") -> 132 | DT11: =+IFERROR(VLOOKUP(DR11,Auxiliar!$A:$C,2,0),"") -> CORONA PORRON | DU11: =+IFERROR(VLOOKUP(DR11,Auxiliar!$A:$C,3,0),"") -> 1b 5% | 20b 0% | DW11: 5560 | DX11: 1890 LATA KT | DY11: =+IFERROR(VALUE(RIGHT(Tabla22[[#This Row],[B2B]],6)),"") -> 5560 | DZ11: =+IFERROR(VLOOKUP(DX11,Auxiliar!$A:$C,2,0),"") -> VALUE LATA | EA11: =+IFERROR(VLOOKUP(DX11,Auxiliar!$A:$C,3,0),"") -> 1b 15% | 100b 18% | EC11: 5560 | ED11: 1890 LATON | EE11: =+IFERROR(VALUE(RIGHT(Tabla23[[#This Row],[B2B]],6)),"") -> 5560 | EF11: =+IFERROR(VLOOKUP(ED11,Auxiliar!$A:$C,2,0),"") -> VALUE LATON | EG11: =+IFERROR(VLOOKUP(ED11,Auxiliar!$A:$C,3,0),"") -> 1b 10% | 5b 15% | 192b 0% | EI11: 5827 | EJ11: 1890 LATON AS | EK11: =+IFERROR(VALUE(RIGHT(Tabla24[[#This Row],[B2B]],6)),"") -> 5827 | EL11: =+IFERROR(VLOOKUP(EJ11,Auxiliar!$A:$C,2,0),"") -> VALUE LATON | EM11: =+IFERROR(VLOOKUP(EJ11,Auxiliar!$A:$C,3,0),"") -> 3b 10% | 10b 15% | 384b 0% | EQ11: =+IFERROR(VALUE(RIGHT(Tabla25[[#This Row],[B2B]],6)),"") | ER11: =+IFERROR(VLOOKUP(EP11,Auxiliar!$A:$C,2,0),"") | ES11: =+IFERROR(VLOOKUP(EP11,Auxiliar!$A:$C,3,0),"") | EW11: =+IFERROR(VALUE(RIGHT(Tabla26[[#This Row],[B2B]],6)),"") | EX11: =+IFERROR(VLOOKUP(EV11,Auxiliar!$A:$C,2,0),"") | EY11: =+IFERROR(VLOOKUP(EV11,Auxiliar!$A:$C,3,0),"") | EZ11: 4818 | FA11: LLENADO KT 3 | FB11: =+IFERROR(VALUE(RIGHT(Tabla27[[#This Row],[B2B]],6)),"") -> 4818 | FC11: =+IFERROR(VLOOKUP(FA11,Auxiliar!$A:$C,2,0),"") -> CORE 2 | FD11: =+IFERROR(VLOOKUP(FA11,Auxiliar!$A:$C,3,0),"") -> 25b 9% | FG11: =+IFERROR(VALUE(RIGHT(Tabla28[[#This Row],[B2B]],6)),"") | FH11: =+IFERROR(VLOOKUP(FF11,Auxiliar!$A:$C,2,0),"") | FI11: =+IFERROR(VLOOKUP(FF11,Auxiliar!$A:$C,3,0),"") | FL11: =+IFERROR(VALUE(RIGHT(Tabla29[[#This Row],[B2B]],6)),"") | FM11: =+IFERROR(VLOOKUP(FK11,Auxiliar!$A:$C,2,0),"") | FN11: =+IFERROR(VLOOKUP(FK11,Auxiliar!$A:$C,3,0),"") | FQ11: =+IFERROR(VALUE(RIGHT(Tabla30[[#This Row],[B2B]],6)),"") | FR11: =+IFERROR(VLOOKUP(FP11,Auxiliar!$A:$C,2,0),"") | FV11: =+IFERROR(VALUE(RIGHT(Tabla31[[#This Row],[B2B]],6)),"") | FW11: =+IFERROR(VLOOKUP(FU11,Auxiliar!$A:$C,2,0),"") | FX11: =+IFERROR(VLOOKUP(FU11,Auxiliar!$A:$C,3,0),"") | GA11: =+IFERROR(VALUE(RIGHT(Tabla32[[#This Row],[B2B]],6)),"") | GB11: =+IFERROR(VLOOKUP(FZ11,Auxiliar!$A:$C,2,0),"") | GC11: =+IFERROR(VLOOKUP(FZ11,Auxiliar!$A:$C,3,0),"") | GF11: =+IFERROR(VALUE(RIGHT(Tabla33[[#This Row],[B2B]],6)),"") | GG11: =+IFERROR(VLOOKUP(GE11,Auxiliar!$A:$C,2,0),"") | GH11: =+IFERROR(VLOOKUP(GE11,Auxiliar!$A:$C,3,0),"")
A12: 3376 | B12: TIER 1 CORE AS | C12: =+IFERROR(VALUE(RIGHT(Tabla1[[#This Row],[B2B]],6)),"") -> 3376 | D12: =+IFERROR(VLOOKUP(B12,Auxiliar!$A:$C,2,0),"") -> CORE | E12: =+IFERROR(VLOOKUP(B12,Auxiliar!$A:$C,3,0),"") -> 0b 1% | 5b 4% | 10b 5% | 15b 6% | 25b 9% | G12: 10152 | H12: TIER 2 CORE AS | I12: =+IFERROR(VALUE(RIGHT(Tabla2[[#This Row],[B2B]],6)),"") -> 10152 | J12: =+IFERROR(VLOOKUP(H12,Auxiliar!$A:$C,2,0),"") -> CORE | K12: =+IFERROR(VLOOKUP(H12,Auxiliar!$A:$C,3,0),"") -> 0b 1% | 15b 4% | 40b 5% | 60b 9% | O12: =+IFERROR(VALUE(RIGHT(Tabla3[[#This Row],[B2B]],6)),"") | P12: =+IFERROR(VLOOKUP(N12,Auxiliar!$A:$C,2,0),"") | Q12: =+IFERROR(VLOOKUP(N12,Auxiliar!$A:$C,3,0),"") | S12: 294 | T12: TIER 1 CORE KT | U12: =+IFERROR(VALUE(RIGHT(Tabla4[[#This Row],[B2B]],6)),"") -> 294 | V12: =+IFERROR(VLOOKUP(T12,Auxiliar!$A:$C,2,0),"") -> CORE | W12: =+IFERROR(VLOOKUP(T12,Auxiliar!$A:$C,3,0),"") -> 0b 1% | 2b 5% | 4b 6% | Y12: 697 | Z12: TIER 2 CORE KT | AA12: =+IFERROR(VALUE(RIGHT(Tabla5[[#This Row],[B2B]],6)),"") -> 697 | AB12: =+IFERROR(VLOOKUP(Z12,Auxiliar!$A:$C,2,0),"") -> CORE | AC12: =+IFERROR(VLOOKUP(Z12,Auxiliar!$A:$C,3,0),"") -> 0b 1% | 3b 4% | 5b 6% | AE12: 940 | AF12: TIER 3 CORE KT | AG12: =+IFERROR(VALUE(RIGHT(Tabla6[[#This Row],[B2B]],6)),"") -> 940 | AH12: =+IFERROR(VLOOKUP(AF12,Auxiliar!$A:$C,2,0),"") -> CORE | AI12: =+IFERROR(VLOOKUP(AF12,Auxiliar!$A:$C,3,0),"") -> 0b 1% | 6b 5% | 10b 6% | AK12: 247 | AL12: LATONES KT 1 | AM12: =+IFERROR(VALUE(RIGHT(Tabla7[[#This Row],[B2B]],6)),"") -> 247 | AN12: =+IFERROR(VLOOKUP(AL12,Auxiliar!$A:$C,2,0),"") -> LATONES | AO12: =+IFERROR(VLOOKUP(AL12,Auxiliar!$A:$C,3,0),"") -> 1b 4% | 5b 7% | 97b 0% | AQ12: 697 | AR12: LATONES KT 2 | AS12: =+IFERROR(VALUE(RIGHT(Tabla8[[#This Row],[B2B]],6)),"") -> 697 | AT12: =+IFERROR(VLOOKUP(AR12,Auxiliar!$A:$C,2,0),"") -> LATONES | AU12: =+IFERROR(VLOOKUP(AR12,Auxiliar!$A:$C,3,0),"") -> 2b 3% | 4b 5% | 5b 8% | 193 0% | AW12: 5573 | AX12: LATONES AS 1 | AY12: =+IFERROR(VALUE(RIGHT(Tabla9[[#This Row],[B2B]],6)),"") -> 5573 | AZ12: =+IFERROR(VLOOKUP(AX12,Auxiliar!$A:$C,2,0),"") -> LATONES | BA12: =+IFERROR(VLOOKUP(AX12,Auxiliar!$A:$C,3,0),"") -> 2b 3% | 4b 4% | 6b 5% | 10b 8% | 385b 0% | BC12: 3376 | BD12: LATONES AS 2 | BE12: =+IFERROR(VALUE(RIGHT(Tabla10[[#This Row],[B2B]],6)),"") -> 3376 | BF12: =+IFERROR(VLOOKUP(BD12,Auxiliar!$A:$C,2,0),"") -> LATONES | BG12: =+IFERROR(VLOOKUP(BD12,Auxiliar!$A:$C,3,0),"") -> 6b 4% | 12b 5% | 15b 8% | 385b 0% | BI12: 5827 | BJ12: 1890 LITRO AS | BK12: =+IFERROR(VALUE(RIGHT(Tabla11[[#This Row],[B2B]],6)),"") -> 5827 | BL12: =+IFERROR(VLOOKUP(BJ12,Auxiliar!$A:$C,2,0),"") -> VALUE LITRO | BM12: =+IFERROR(VLOOKUP(BJ12,Auxiliar!$A:$C,3,0),"") -> 3b 12% | BO12: 3908 | BP12: 1890 LITRO KT | BQ12: =+IFERROR(VALUE(RIGHT(Tabla12[[#This Row],[B2B]],6)),"") -> 3908 | BR12: =+IFERROR(VLOOKUP(BP12,Auxiliar!$A:$C,2,0),"") -> VALUE LITRO | BS12: =+IFERROR(VLOOKUP(BP12,Auxiliar!$A:$C,3,0),"") -> 1b 12% | BU12: 2905 | BV12: CORONA 710 AS | BW12: =+IFERROR(VALUE(RIGHT(Tabla13[[#This Row],[B2B]],6)),"") -> 2905 | BX12: =+IFERROR(VLOOKUP(BV12,Auxiliar!$A:$C,2,0),"") -> Corona 710cc | BY12: =+IFERROR(VLOOKUP(BV12,Auxiliar!$A:$C,3,0),"") -> 3b 10% | 169b 0% | CA12: 149 | CB12: CORONA 710 KT | CC12: =+IFERROR(VALUE(RIGHT(Tabla14[[#This Row],[B2B]],6)),"") -> 149 | CD12: =+IFERROR(VLOOKUP(CB12,Auxiliar!$A:$C,2,0),"") -> Corona 710cc | CE12: =+IFERROR(VLOOKUP(CB12,Auxiliar!$A:$C,3,0),"") -> 1b 10% | 85b 0% | CG12: 5827 | CH12: 1890 LATA AS | CI12: =+IFERROR(VALUE(RIGHT(Tabla15[[#This Row],[B2B]],6)),"") -> 5827 | CJ12: =+IFERROR(VLOOKUP(CH12,Auxiliar!$A:$C,2,0),"") -> VALUE LATA | CK12: =+IFERROR(VLOOKUP(CH12,Auxiliar!$A:$C,3,0),"") -> 3b 15% | 100b 18% | CM12: 149 | CN12: SIN ALCOHOL | CO12: 149 | CP12: SIN ALCOHOL | CQ12: 0b 0% | CS12: 2905 | CT12: AO, PAT y SA - AS | CU12: =+IFERROR(VALUE(RIGHT(Tabla17[[#This Row],[B2B]],6)),"") -> 2905 | CV12: =+IFERROR(VLOOKUP(CT12,Auxiliar!$A:$C,2,0),"") -> PREMIUM | CW12: =+IFERROR(VLOOKUP(CT12,Auxiliar!$A:$C,3,0),"") -> 0b 0% | 5b 2% | 10b 3,5% | 20b 5% | CY12: 149 | CZ12: AO, PAT y SA - K+T | DA12: =+IFERROR(VALUE(RIGHT(Tabla18[[#This Row],[B2B]],6)),"") -> 149 | DB12: =+IFERROR(VLOOKUP(CZ12,Auxiliar!$A:$C,2,0),"") -> PREMIUM | DC12: =+IFERROR(VLOOKUP(CZ12,Auxiliar!$A:$C,3,0),"") -> 0b 0% | 2b 2% | 5b 3,5% | 10b 5% | DE12: 149 | DF12: MICHELOB | DG12: =+IFERROR(VALUE(RIGHT(Tabla19[[#This Row],[B2B]],6)),"") -> 149 | DH12: =+IFERROR(VLOOKUP(DF12,Auxiliar!$A:$C,2,0),"") -> MICHELOB | DI12: =+IFERROR(VLOOKUP(DF12,Auxiliar!$A:$C,3,0),"") -> 1b 7% | 3b 22% | 8b 27% | DK12: 2905 | DL12: CORONA PORRON AS | DM12: =+IFERROR(VALUE(RIGHT(Tabla20[[#This Row],[B2B]],6)),"") -> 2905 | DN12: =+IFERROR(VLOOKUP(DL12,Auxiliar!$A:$C,2,0),"") -> CORONA PORRON | DO12: =+IFERROR(VLOOKUP(DL12,Auxiliar!$A:$C,3,0),"") -> 3b 5% | 42b 0% | DQ12: 149 | DR12: CORONA PORRON KT | DS12: =+IFERROR(VALUE(RIGHT(Tabla21[[#This Row],[B2B]],6)),"") -> 149 | DT12: =+IFERROR(VLOOKUP(DR12,Auxiliar!$A:$C,2,0),"") -> CORONA PORRON | DU12: =+IFERROR(VLOOKUP(DR12,Auxiliar!$A:$C,3,0),"") -> 1b 5% | 20b 0% | DW12: 3908 | DX12: 1890 LATA KT | DY12: =+IFERROR(VALUE(RIGHT(Tabla22[[#This Row],[B2B]],6)),"") -> 3908 | DZ12: =+IFERROR(VLOOKUP(DX12,Auxiliar!$A:$C,2,0),"") -> VALUE LATA | EA12: =+IFERROR(VLOOKUP(DX12,Auxiliar!$A:$C,3,0),"") -> 1b 15% | 100b 18% | EC12: 3908 | ED12: 1890 LATON | EE12: =+IFERROR(VALUE(RIGHT(Tabla23[[#This Row],[B2B]],6)),"") -> 3908 | EF12: =+IFERROR(VLOOKUP(ED12,Auxiliar!$A:$C,2,0),"") -> VALUE LATON | EG12: =+IFERROR(VLOOKUP(ED12,Auxiliar!$A:$C,3,0),"") -> 1b 10% | 5b 15% | 192b 0% | EI12: 4727 | EJ12: 1890 LATON AS | EK12: =+IFERROR(VALUE(RIGHT(Tabla24[[#This Row],[B2B]],6)),"") -> 4727 | EL12: =+IFERROR(VLOOKUP(EJ12,Auxiliar!$A:$C,2,0),"") -> VALUE LATON | EM12: =+IFERROR(VLOOKUP(EJ12,Auxiliar!$A:$C,3,0),"") -> 3b 10% | 10b 15% | 384b 0% | EQ12: =+IFERROR(VALUE(RIGHT(Tabla25[[#This Row],[B2B]],6)),"") | ER12: =+IFERROR(VLOOKUP(EP12,Auxiliar!$A:$C,2,0),"") | ES12: =+IFERROR(VLOOKUP(EP12,Auxiliar!$A:$C,3,0),"") | EW12: =+IFERROR(VALUE(RIGHT(Tabla26[[#This Row],[B2B]],6)),"") | EX12: =+IFERROR(VLOOKUP(EV12,Auxiliar!$A:$C,2,0),"") | EY12: =+IFERROR(VLOOKUP(EV12,Auxiliar!$A:$C,3,0),"") | EZ12: 5199 | FA12: LLENADO KT 3 | FB12: =+IFERROR(VALUE(RIGHT(Tabla27[[#This Row],[B2B]],6)),"") -> 5199 | FC12: =+IFERROR(VLOOKUP(FA12,Auxiliar!$A:$C,2,0),"") -> CORE 2 | FD12: =+IFERROR(VLOOKUP(FA12,Auxiliar!$A:$C,3,0),"") -> 25b 9% | FG12: =+IFERROR(VALUE(RIGHT(Tabla28[[#This Row],[B2B]],6)),"") | FH12: =+IFERROR(VLOOKUP(FF12,Auxiliar!$A:$C,2,0),"") | FI12: =+IFERROR(VLOOKUP(FF12,Auxiliar!$A:$C,3,0),"") | FL12: =+IFERROR(VALUE(RIGHT(Tabla29[[#This Row],[B2B]],6)),"") | FM12: =+IFERROR(VLOOKUP(FK12,Auxiliar!$A:$C,2,0),"") | FN12: =+IFERROR(VLOOKUP(FK12,Auxiliar!$A:$C,3,0),"") | FQ12: =+IFERROR(VALUE(RIGHT(Tabla30[[#This Row],[B2B]],6)),"") | FR12: =+IFERROR(VLOOKUP(FP12,Auxiliar!$A:$C,2,0),"") | FV12: =+IFERROR(VALUE(RIGHT(Tabla31[[#This Row],[B2B]],6)),"") | FW12: =+IFERROR(VLOOKUP(FU12,Auxiliar!$A:$C,2,0),"") | FX12: =+IFERROR(VLOOKUP(FU12,Auxiliar!$A:$C,3,0),"") | GA12: =+IFERROR(VALUE(RIGHT(Tabla32[[#This Row],[B2B]],6)),"") | GB12: =+IFERROR(VLOOKUP(FZ12,Auxiliar!$A:$C,2,0),"") | GC12: =+IFERROR(VLOOKUP(FZ12,Auxiliar!$A:$C,3,0),"") | GF12: =+IFERROR(VALUE(RIGHT(Tabla33[[#This Row],[B2B]],6)),"") | GG12: =+IFERROR(VLOOKUP(GE12,Auxiliar!$A:$C,2,0),"") | GH12: =+IFERROR(VLOOKUP(GE12,Auxiliar!$A:$C,3,0),"")
A13: 3658 | B13: TIER 1 CORE AS | C13: =+IFERROR(VALUE(RIGHT(Tabla1[[#This Row],[B2B]],6)),"") -> 3658 | D13: =+IFERROR(VLOOKUP(B13,Auxiliar!$A:$C,2,0),"") -> CORE | E13: =+IFERROR(VLOOKUP(B13,Auxiliar!$A:$C,3,0),"") -> 0b 1% | 5b 4% | 10b 5% | 15b 6% | 25b 9% | G13: 10621 | H13: TIER 2 CORE AS | I13: =+IFERROR(VALUE(RIGHT(Tabla2[[#This Row],[B2B]],6)),"") -> 10621 | J13: =+IFERROR(VLOOKUP(H13,Auxiliar!$A:$C,2,0),"") -> CORE | K13: =+IFERROR(VLOOKUP(H13,Auxiliar!$A:$C,3,0),"") -> 0b 1% | 15b 4% | 40b 5% | 60b 9% | S13: 311 | T13: TIER 1 CORE KT | U13: =+IFERROR(VALUE(RIGHT(Tabla4[[#This Row],[B2B]],6)),"") -> 311 | V13: =+IFERROR(VLOOKUP(T13,Auxiliar!$A:$C,2,0),"") -> CORE | W13: =+IFERROR(VLOOKUP(T13,Auxiliar!$A:$C,3,0),"") -> 0b 1% | 2b 5% | 4b 6% | Y13: 789 | Z13: TIER 2 CORE KT | AA13: =+IFERROR(VALUE(RIGHT(Tabla5[[#This Row],[B2B]],6)),"") -> 789 | AB13: =+IFERROR(VLOOKUP(Z13,Auxiliar!$A:$C,2,0),"") -> CORE | AC13: =+IFERROR(VLOOKUP(Z13,Auxiliar!$A:$C,3,0),"") -> 0b 1% | 3b 4% | 5b 6% | AE13: 960 | AF13: TIER 3 CORE KT | AG13: =+IFERROR(VALUE(RIGHT(Tabla6[[#This Row],[B2B]],6)),"") -> 960 | AH13: =+IFERROR(VLOOKUP(AF13,Auxiliar!$A:$C,2,0),"") -> CORE | AI13: =+IFERROR(VLOOKUP(AF13,Auxiliar!$A:$C,3,0),"") -> 0b 1% | 6b 5% | 10b 6% | AK13: 255 | AL13: LATONES KT 1 | AM13: =+IFERROR(VALUE(RIGHT(Tabla7[[#This Row],[B2B]],6)),"") -> 255 | AN13: =+IFERROR(VLOOKUP(AL13,Auxiliar!$A:$C,2,0),"") -> LATONES | AO13: =+IFERROR(VLOOKUP(AL13,Auxiliar!$A:$C,3,0),"") -> 1b 4% | 5b 7% | 97b 0% | AQ13: 704 | AR13: LATONES KT 2 | AS13: =+IFERROR(VALUE(RIGHT(Tabla8[[#This Row],[B2B]],6)),"") -> 704 | AT13: =+IFERROR(VLOOKUP(AR13,Auxiliar!$A:$C,2,0),"") -> LATONES | AU13: =+IFERROR(VLOOKUP(AR13,Auxiliar!$A:$C,3,0),"") -> 2b 3% | 4b 5% | 5b 8% | 193 0% | AW13: 5827 | AX13: LATONES AS 1 | AY13: =+IFERROR(VALUE(RIGHT(Tabla9[[#This Row],[B2B]],6)),"") -> 5827 | AZ13: =+IFERROR(VLOOKUP(AX13,Auxiliar!$A:$C,2,0),"") -> LATONES | BA13: =+IFERROR(VLOOKUP(AX13,Auxiliar!$A:$C,3,0),"") -> 2b 3% | 4b 4% | 6b 5% | 10b 8% | 385b 0% | BC13: 3474 | BD13: LATONES AS 2 | BE13: =+IFERROR(VALUE(RIGHT(Tabla10[[#This Row],[B2B]],6)),"") -> 3474 | BF13: =+IFERROR(VLOOKUP(BD13,Auxiliar!$A:$C,2,0),"") -> LATONES | BG13: =+IFERROR(VLOOKUP(BD13,Auxiliar!$A:$C,3,0),"") -> 6b 4% | 12b 5% | 15b 8% | 385b 0% | BI13: 4727 | BJ13: 1890 LITRO AS | BK13: =+IFERROR(VALUE(RIGHT(Tabla11[[#This Row],[B2B]],6)),"") -> 4727 | BL13: =+IFERROR(VLOOKUP(BJ13,Auxiliar!$A:$C,2,0),"") -> VALUE LITRO | BM13: =+IFERROR(VLOOKUP(BJ13,Auxiliar!$A:$C,3,0),"") -> 3b 12% | BO13: 3909 | BP13: 1890 LITRO KT | BQ13: =+IFERROR(VALUE(RIGHT(Tabla12[[#This Row],[B2B]],6)),"") -> 3909 | BR13: =+IFERROR(VLOOKUP(BP13,Auxiliar!$A:$C,2,0),"") -> VALUE LITRO | BS13: =+IFERROR(VLOOKUP(BP13,Auxiliar!$A:$C,3,0),"") -> 1b 12% | BU13: 2940 | BV13: CORONA 710 AS | BW13: =+IFERROR(VALUE(RIGHT(Tabla13[[#This Row],[B2B]],6)),"") -> 2940 | BX13: =+IFERROR(VLOOKUP(BV13,Auxiliar!$A:$C,2,0),"") -> Corona 710cc | BY13: =+IFERROR(VLOOKUP(BV13,Auxiliar!$A:$C,3,0),"") -> 3b 10% | 169b 0% | CA13: 170 | CB13: CORONA 710 KT | CC13: =+IFERROR(VALUE(RIGHT(Tabla14[[#This Row],[B2B]],6)),"") -> 170 | CD13: =+IFERROR(VLOOKUP(CB13,Auxiliar!$A:$C,2,0),"") -> Corona 710cc | CE13: =+IFERROR(VLOOKUP(CB13,Auxiliar!$A:$C,3,0),"") -> 1b 10% | 85b 0% | CG13: 4727 | CH13: 1890 LATA AS | CI13: =+IFERROR(VALUE(RIGHT(Tabla15[[#This Row],[B2B]],6)),"") -> 4727 | CJ13: =+IFERROR(VLOOKUP(CH13,Auxiliar!$A:$C,2,0),"") -> VALUE LATA | CK13: =+IFERROR(VLOOKUP(CH13,Auxiliar!$A:$C,3,0),"") -> 3b 15% | 100b 18% | CM13: 170 | CN13: SIN ALCOHOL | CO13: 170 | CP13: SIN ALCOHOL | CQ13: 0b 0% | CS13: 2940 | CT13: AO, PAT y SA - AS | CU13: =+IFERROR(VALUE(RIGHT(Tabla17[[#This Row],[B2B]],6)),"") -> 2940 | CV13: =+IFERROR(VLOOKUP(CT13,Auxiliar!$A:$C,2,0),"") -> PREMIUM | CW13: =+IFERROR(VLOOKUP(CT13,Auxiliar!$A:$C,3,0),"") -> 0b 0% | 5b 2% | 10b 3,5% | 20b 5% | CY13: 170 | CZ13: AO, PAT y SA - K+T | DA13: =+IFERROR(VALUE(RIGHT(Tabla18[[#This Row],[B2B]],6)),"") -> 170 | DB13: =+IFERROR(VLOOKUP(CZ13,Auxiliar!$A:$C,2,0),"") -> PREMIUM | DC13: =+IFERROR(VLOOKUP(CZ13,Auxiliar!$A:$C,3,0),"") -> 0b 0% | 2b 2% | 5b 3,5% | 10b 5% | DE13: 170 | DF13: MICHELOB | DG13: =+IFERROR(VALUE(RIGHT(Tabla19[[#This Row],[B2B]],6)),"") -> 170 | DH13: =+IFERROR(VLOOKUP(DF13,Auxiliar!$A:$C,2,0),"") -> MICHELOB | DI13: =+IFERROR(VLOOKUP(DF13,Auxiliar!$A:$C,3,0),"") -> 1b 7% | 3b 22% | 8b 27% | DK13: 2940 | DL13: CORONA PORRON AS | DM13: =+IFERROR(VALUE(RIGHT(Tabla20[[#This Row],[B2B]],6)),"") -> 2940 | DN13: =+IFERROR(VLOOKUP(DL13,Auxiliar!$A:$C,2,0),"") -> CORONA PORRON | DO13: =+IFERROR(VLOOKUP(DL13,Auxiliar!$A:$C,3,0),"") -> 3b 5% | 42b 0% | DQ13: 170 | DR13: CORONA PORRON KT | DS13: =+IFERROR(VALUE(RIGHT(Tabla21[[#This Row],[B2B]],6)),"") -> 170 | DT13: =+IFERROR(VLOOKUP(DR13,Auxiliar!$A:$C,2,0),"") -> CORONA PORRON | DU13: =+IFERROR(VLOOKUP(DR13,Auxiliar!$A:$C,3,0),"") -> 1b 5% | 20b 0% | DW13: 3909 | DX13: 1890 LATA KT | DY13: =+IFERROR(VALUE(RIGHT(Tabla22[[#This Row],[B2B]],6)),"") -> 3909 | DZ13: =+IFERROR(VLOOKUP(DX13,Auxiliar!$A:$C,2,0),"") -> VALUE LATA | EA13: =+IFERROR(VLOOKUP(DX13,Auxiliar!$A:$C,3,0),"") -> 1b 15% | 100b 18% | EC13: 3909 | ED13: 1890 LATON | EE13: =+IFERROR(VALUE(RIGHT(Tabla23[[#This Row],[B2B]],6)),"") -> 3909 | EF13: =+IFERROR(VLOOKUP(ED13,Auxiliar!$A:$C,2,0),"") -> VALUE LATON | EG13: =+IFERROR(VLOOKUP(ED13,Auxiliar!$A:$C,3,0),"") -> 1b 10% | 5b 15% | 192b 0% | EI13: 6000 | EJ13: 1890 LATON AS | EK13: =+IFERROR(VALUE(RIGHT(Tabla24[[#This Row],[B2B]],6)),"") -> 6000 | EL13: =+IFERROR(VLOOKUP(EJ13,Auxiliar!$A:$C,2,0),"") -> VALUE LATON | EM13: =+IFERROR(VLOOKUP(EJ13,Auxiliar!$A:$C,3,0),"") -> 3b 10% | 10b 15% | 384b 0% | EQ13: =+IFERROR(VALUE(RIGHT(Tabla25[[#This Row],[B2B]],6)),"") | ER13: =+IFERROR(VLOOKUP(EP13,Auxiliar!$A:$C,2,0),"") | ES13: =+IFERROR(VLOOKUP(EP13,Auxiliar!$A:$C,3,0),"") | EW13: =+IFERROR(VALUE(RIGHT(Tabla26[[#This Row],[B2B]],6)),"") | EX13: =+IFERROR(VLOOKUP(EV13,Auxiliar!$A:$C,2,0),"") | EY13: =+IFERROR(VLOOKUP(EV13,Auxiliar!$A:$C,3,0),"") | EZ13: 5253 | FA13: LLENADO KT 3 | FB13: =+IFERROR(VALUE(RIGHT(Tabla27[[#This Row],[B2B]],6)),"") -> 5253 | FC13: =+IFERROR(VLOOKUP(FA13,Auxiliar!$A:$C,2,0),"") -> CORE 2 | FD13: =+IFERROR(VLOOKUP(FA13,Auxiliar!$A:$C,3,0),"") -> 25b 9% | FG13: =+IFERROR(VALUE(RIGHT(Tabla28[[#This Row],[B2B]],6)),"") | FH13: =+IFERROR(VLOOKUP(FF13,Auxiliar!$A:$C,2,0),"") | FI13: =+IFERROR(VLOOKUP(FF13,Auxiliar!$A:$C,3,0),"") | FL13: =+IFERROR(VALUE(RIGHT(Tabla29[[#This Row],[B2B]],6)),"") | FM13: =+IFERROR(VLOOKUP(FK13,Auxiliar!$A:$C,2,0),"") | FN13: =+IFERROR(VLOOKUP(FK13,Auxiliar!$A:$C,3,0),"") | FQ13: =+IFERROR(VALUE(RIGHT(Tabla30[[#This Row],[B2B]],6)),"") | FR13: =+IFERROR(VLOOKUP(FP13,Auxiliar!$A:$C,2,0),"") | FV13: =+IFERROR(VALUE(RIGHT(Tabla31[[#This Row],[B2B]],6)),"") | FW13: =+IFERROR(VLOOKUP(FU13,Auxiliar!$A:$C,2,0),"") | FX13: =+IFERROR(VLOOKUP(FU13,Auxiliar!$A:$C,3,0),"") | GA13: =+IFERROR(VALUE(RIGHT(Tabla32[[#This Row],[B2B]],6)),"") | GB13: =+IFERROR(VLOOKUP(FZ13,Auxiliar!$A:$C,2,0),"") | GC13: =+IFERROR(VLOOKUP(FZ13,Auxiliar!$A:$C,3,0),"") | GF13: =+IFERROR(VALUE(RIGHT(Tabla33[[#This Row],[B2B]],6)),"") | GG13: =+IFERROR(VLOOKUP(GE13,Auxiliar!$A:$C,2,0),"") | GH13: =+IFERROR(VLOOKUP(GE13,Auxiliar!$A:$C,3,0),"")
A14: 3859 | B14: TIER 1 CORE AS | C14: =+IFERROR(VALUE(RIGHT(Tabla1[[#This Row],[B2B]],6)),"") -> 3859 | D14: =+IFERROR(VLOOKUP(B14,Auxiliar!$A:$C,2,0),"") -> CORE | E14: =+IFERROR(VLOOKUP(B14,Auxiliar!$A:$C,3,0),"") -> 0b 1% | 5b 4% | 10b 5% | 15b 6% | 25b 9% | G14: 11417 | H14: TIER 2 CORE AS | I14: =+IFERROR(VALUE(RIGHT(Tabla2[[#This Row],[B2B]],6)),"") -> 11417 | J14: =+IFERROR(VLOOKUP(H14,Auxiliar!$A:$C,2,0),"") -> CORE | K14: =+IFERROR(VLOOKUP(H14,Auxiliar!$A:$C,3,0),"") -> 0b 1% | 15b 4% | 40b 5% | 60b 9% | S14: 327 | T14: TIER 1 CORE KT | U14: =+IFERROR(VALUE(RIGHT(Tabla4[[#This Row],[B2B]],6)),"") -> 327 | V14: =+IFERROR(VLOOKUP(T14,Auxiliar!$A:$C,2,0),"") -> CORE | W14: =+IFERROR(VLOOKUP(T14,Auxiliar!$A:$C,3,0),"") -> 0b 1% | 2b 5% | 4b 6% | Y14: 969 | Z14: TIER 2 CORE KT | AA14: =+IFERROR(VALUE(RIGHT(Tabla5[[#This Row],[B2B]],6)),"") -> 969 | AB14: =+IFERROR(VLOOKUP(Z14,Auxiliar!$A:$C,2,0),"") -> CORE | AC14: =+IFERROR(VLOOKUP(Z14,Auxiliar!$A:$C,3,0),"") -> 0b 1% | 3b 4% | 5b 6% | AE14: 984 | AF14: TIER 3 CORE KT | AG14: =+IFERROR(VALUE(RIGHT(Tabla6[[#This Row],[B2B]],6)),"") -> 984 | AH14: =+IFERROR(VLOOKUP(AF14,Auxiliar!$A:$C,2,0),"") -> CORE | AI14: =+IFERROR(VLOOKUP(AF14,Auxiliar!$A:$C,3,0),"") -> 0b 1% | 6b 5% | 10b 6% | AK14: 289 | AL14: LATONES KT 1 | AM14: =+IFERROR(VALUE(RIGHT(Tabla7[[#This Row],[B2B]],6)),"") -> 289 | AN14: =+IFERROR(VLOOKUP(AL14,Auxiliar!$A:$C,2,0),"") -> LATONES | AO14: =+IFERROR(VLOOKUP(AL14,Auxiliar!$A:$C,3,0),"") -> 1b 4% | 5b 7% | 97b 0% | AQ14: 764 | AR14: LATONES KT 2 | AS14: =+IFERROR(VALUE(RIGHT(Tabla8[[#This Row],[B2B]],6)),"") -> 764 | AT14: =+IFERROR(VLOOKUP(AR14,Auxiliar!$A:$C,2,0),"") -> LATONES | AU14: =+IFERROR(VLOOKUP(AR14,Auxiliar!$A:$C,3,0),"") -> 2b 3% | 4b 5% | 5b 8% | 193 0% | AW14: 6003 | AX14: LATONES AS 1 | AY14: =+IFERROR(VALUE(RIGHT(Tabla9[[#This Row],[B2B]],6)),"") -> 6003 | AZ14: =+IFERROR(VLOOKUP(AX14,Auxiliar!$A:$C,2,0),"") -> LATONES | BA14: =+IFERROR(VLOOKUP(AX14,Auxiliar!$A:$C,3,0),"") -> 2b 3% | 4b 4% | 6b 5% | 10b 8% | 385b 0% | BC14: 3658 | BD14: LATONES AS 2 | BE14: =+IFERROR(VALUE(RIGHT(Tabla10[[#This Row],[B2B]],6)),"") -> 3658 | BF14: =+IFERROR(VLOOKUP(BD14,Auxiliar!$A:$C,2,0),"") -> LATONES | BG14: =+IFERROR(VLOOKUP(BD14,Auxiliar!$A:$C,3,0),"") -> 6b 4% | 12b 5% | 15b 8% | 385b 0% | BI14: 4937 | BJ14: 1890 LITRO AS | BK14: =+IFERROR(VALUE(RIGHT(Tabla11[[#This Row],[B2B]],6)),"") -> 4937 | BL14: =+IFERROR(VLOOKUP(BJ14,Auxiliar!$A:$C,2,0),"") -> VALUE LITRO | BM14: =+IFERROR(VLOOKUP(BJ14,Auxiliar!$A:$C,3,0),"") -> 3b 12% | BO14: 3914 | BP14: 1890 LITRO KT | BQ14: =+IFERROR(VALUE(RIGHT(Tabla12[[#This Row],[B2B]],6)),"") -> 3914 | BR14: =+IFERROR(VLOOKUP(BP14,Auxiliar!$A:$C,2,0),"") -> VALUE LITRO | BS14: =+IFERROR(VLOOKUP(BP14,Auxiliar!$A:$C,3,0),"") -> 1b 12% | BU14: 3018 | BV14: CORONA 710 AS | BW14: =+IFERROR(VALUE(RIGHT(Tabla13[[#This Row],[B2B]],6)),"") -> 3018 | BX14: =+IFERROR(VLOOKUP(BV14,Auxiliar!$A:$C,2,0),"") -> Corona 710cc | BY14: =+IFERROR(VLOOKUP(BV14,Auxiliar!$A:$C,3,0),"") -> 3b 10% | 169b 0% | CA14: 197 | CB14: CORONA 710 KT | CC14: =+IFERROR(VALUE(RIGHT(Tabla14[[#This Row],[B2B]],6)),"") -> 197 | CD14: =+IFERROR(VLOOKUP(CB14,Auxiliar!$A:$C,2,0),"") -> Corona 710cc | CE14: =+IFERROR(VLOOKUP(CB14,Auxiliar!$A:$C,3,0),"") -> 1b 10% | 85b 0% | CG14: 4937 | CH14: 1890 LATA AS | CI14: =+IFERROR(VALUE(RIGHT(Tabla15[[#This Row],[B2B]],6)),"") -> 4937 | CJ14: =+IFERROR(VLOOKUP(CH14,Auxiliar!$A:$C,2,0),"") -> VALUE LATA | CK14: =+IFERROR(VLOOKUP(CH14,Auxiliar!$A:$C,3,0),"") -> 3b 15% | 100b 18% | CM14: 197 | CN14: SIN ALCOHOL | CO14: 197 | CP14: SIN ALCOHOL | CQ14: 0b 0% | CS14: 3114 | CT14: AO, PAT y SA - AS | CU14: =+IFERROR(VALUE(RIGHT(Tabla17[[#This Row],[B2B]],6)),"") -> 3114 | CV14: =+IFERROR(VLOOKUP(CT14,Auxiliar!$A:$C,2,0),"") -> PREMIUM | CW14: =+IFERROR(VLOOKUP(CT14,Auxiliar!$A:$C,3,0),"") -> 0b 0% | 5b 2% | 10b 3,5% | 20b 5% | CY14: 197 | CZ14: AO, PAT y SA - K+T | DA14: =+IFERROR(VALUE(RIGHT(Tabla18[[#This Row],[B2B]],6)),"") -> 197 | DB14: =+IFERROR(VLOOKUP(CZ14,Auxiliar!$A:$C,2,0),"") -> PREMIUM | DC14: =+IFERROR(VLOOKUP(CZ14,Auxiliar!$A:$C,3,0),"") -> 0b 0% | 2b 2% | 5b 3,5% | 10b 5% | DE14: 197 | DF14: MICHELOB | DG14: =+IFERROR(VALUE(RIGHT(Tabla19[[#This Row],[B2B]],6)),"") -> 197 | DH14: =+IFERROR(VLOOKUP(DF14,Auxiliar!$A:$C,2,0),"") -> MICHELOB | DI14: =+IFERROR(VLOOKUP(DF14,Auxiliar!$A:$C,3,0),"") -> 1b 7% | 3b 22% | 8b 27% | DK14: 3018 | DL14: CORONA PORRON AS | DM14: =+IFERROR(VALUE(RIGHT(Tabla20[[#This Row],[B2B]],6)),"") -> 3018 | DN14: =+IFERROR(VLOOKUP(DL14,Auxiliar!$A:$C,2,0),"") -> CORONA PORRON | DO14: =+IFERROR(VLOOKUP(DL14,Auxiliar!$A:$C,3,0),"") -> 3b 5% | 42b 0% | DQ14: 197 | DR14: CORONA PORRON KT | DS14: =+IFERROR(VALUE(RIGHT(Tabla21[[#This Row],[B2B]],6)),"") -> 197 | DT14: =+IFERROR(VLOOKUP(DR14,Auxiliar!$A:$C,2,0),"") -> CORONA PORRON | DU14: =+IFERROR(VLOOKUP(DR14,Auxiliar!$A:$C,3,0),"") -> 1b 5% | 20b 0% | DW14: 3914 | DX14: 1890 LATA KT | DY14: =+IFERROR(VALUE(RIGHT(Tabla22[[#This Row],[B2B]],6)),"") -> 3914 | DZ14: =+IFERROR(VLOOKUP(DX14,Auxiliar!$A:$C,2,0),"") -> VALUE LATA | EA14: =+IFERROR(VLOOKUP(DX14,Auxiliar!$A:$C,3,0),"") -> 1b 15% | 100b 18% | EC14: 3914 | ED14: 1890 LATON | EE14: =+IFERROR(VALUE(RIGHT(Tabla23[[#This Row],[B2B]],6)),"") -> 3914 | EF14: =+IFERROR(VLOOKUP(ED14,Auxiliar!$A:$C,2,0),"") -> VALUE LATON | EG14: =+IFERROR(VLOOKUP(ED14,Auxiliar!$A:$C,3,0),"") -> 1b 10% | 5b 15% | 192b 0% | EI14: 6001 | EJ14: 1890 LATON AS | EK14: =+IFERROR(VALUE(RIGHT(Tabla24[[#This Row],[B2B]],6)),"") -> 6001 | EL14: =+IFERROR(VLOOKUP(EJ14,Auxiliar!$A:$C,2,0),"") -> VALUE LATON | EM14: =+IFERROR(VLOOKUP(EJ14,Auxiliar!$A:$C,3,0),"") -> 3b 10% | 10b 15% | 384b 0% | EQ14: =+IFERROR(VALUE(RIGHT(Tabla25[[#This Row],[B2B]],6)),"") | ER14: =+IFERROR(VLOOKUP(EP14,Auxiliar!$A:$C,2,0),"") | ES14: =+IFERROR(VLOOKUP(EP14,Auxiliar!$A:$C,3,0),"") | EW14: =+IFERROR(VALUE(RIGHT(Tabla26[[#This Row],[B2B]],6)),"") | EX14: =+IFERROR(VLOOKUP(EV14,Auxiliar!$A:$C,2,0),"") | EY14: =+IFERROR(VLOOKUP(EV14,Auxiliar!$A:$C,3,0),"") | EZ14: 5372 | FA14: LLENADO KT 3 | FB14: =+IFERROR(VALUE(RIGHT(Tabla27[[#This Row],[B2B]],6)),"") -> 5372 | FC14: =+IFERROR(VLOOKUP(FA14,Auxiliar!$A:$C,2,0),"") -> CORE 2 | FD14: =+IFERROR(VLOOKUP(FA14,Auxiliar!$A:$C,3,0),"") -> 25b 9% | FG14: =+IFERROR(VALUE(RIGHT(Tabla28[[#This Row],[B2B]],6)),"") | FH14: =+IFERROR(VLOOKUP(FF14,Auxiliar!$A:$C,2,0),"") | FI14: =+IFERROR(VLOOKUP(FF14,Auxiliar!$A:$C,3,0),"") | FL14: =+IFERROR(VALUE(RIGHT(Tabla29[[#This Row],[B2B]],6)),"") | FM14: =+IFERROR(VLOOKUP(FK14,Auxiliar!$A:$C,2,0),"") | FN14: =+IFERROR(VLOOKUP(FK14,Auxiliar!$A:$C,3,0),"") | FQ14: =+IFERROR(VALUE(RIGHT(Tabla30[[#This Row],[B2B]],6)),"") | FR14: =+IFERROR(VLOOKUP(FP14,Auxiliar!$A:$C,2,0),"") | FV14: =+IFERROR(VALUE(RIGHT(Tabla31[[#This Row],[B2B]],6)),"") | FW14: =+IFERROR(VLOOKUP(FU14,Auxiliar!$A:$C,2,0),"") | FX14: =+IFERROR(VLOOKUP(FU14,Auxiliar!$A:$C,3,0),"") | GA14: =+IFERROR(VALUE(RIGHT(Tabla32[[#This Row],[B2B]],6)),"") | GB14: =+IFERROR(VLOOKUP(FZ14,Auxiliar!$A:$C,2,0),"") | GC14: =+IFERROR(VLOOKUP(FZ14,Auxiliar!$A:$C,3,0),"") | GF14: =+IFERROR(VALUE(RIGHT(Tabla33[[#This Row],[B2B]],6)),"") | GG14: =+IFERROR(VLOOKUP(GE14,Auxiliar!$A:$C,2,0),"") | GH14: =+IFERROR(VLOOKUP(GE14,Auxiliar!$A:$C,3,0),"")
A15: 4328 | B15: TIER 1 CORE AS | C15: =+IFERROR(VALUE(RIGHT(Tabla1[[#This Row],[B2B]],6)),"") -> 4328 | D15: =+IFERROR(VLOOKUP(B15,Auxiliar!$A:$C,2,0),"") -> CORE | E15: =+IFERROR(VLOOKUP(B15,Auxiliar!$A:$C,3,0),"") -> 0b 1% | 5b 4% | 10b 5% | 15b 6% | 25b 9% | G15: 11421 | H15: TIER 2 CORE AS | I15: =+IFERROR(VALUE(RIGHT(Tabla2[[#This Row],[B2B]],6)),"") -> 11421 | J15: =+IFERROR(VLOOKUP(H15,Auxiliar!$A:$C,2,0),"") -> CORE | K15: =+IFERROR(VLOOKUP(H15,Auxiliar!$A:$C,3,0),"") -> 0b 1% | 15b 4% | 40b 5% | 60b 9% | S15: 337 | T15: TIER 1 CORE KT | U15: =+IFERROR(VALUE(RIGHT(Tabla4[[#This Row],[B2B]],6)),"") -> 337 | V15: =+IFERROR(VLOOKUP(T15,Auxiliar!$A:$C,2,0),"") -> CORE | W15: =+IFERROR(VLOOKUP(T15,Auxiliar!$A:$C,3,0),"") -> 0b 1% | 2b 5% | 4b 6% | Y15: 1000 | Z15: TIER 2 CORE KT | AA15: =+IFERROR(VALUE(RIGHT(Tabla5[[#This Row],[B2B]],6)),"") -> 1000 | AB15: =+IFERROR(VLOOKUP(Z15,Auxiliar!$A:$C,2,0),"") -> CORE | AC15: =+IFERROR(VLOOKUP(Z15,Auxiliar!$A:$C,3,0),"") -> 0b 1% | 3b 4% | 5b 6% | AE15: 1048 | AF15: TIER 3 CORE KT | AG15: =+IFERROR(VALUE(RIGHT(Tabla6[[#This Row],[B2B]],6)),"") -> 1048 | AH15: =+IFERROR(VLOOKUP(AF15,Auxiliar!$A:$C,2,0),"") -> CORE | AI15: =+IFERROR(VLOOKUP(AF15,Auxiliar!$A:$C,3,0),"") -> 0b 1% | 6b 5% | 10b 6% | AK15: 294 | AL15: LATONES KT 1 | AM15: =+IFERROR(VALUE(RIGHT(Tabla7[[#This Row],[B2B]],6)),"") -> 294 | AN15: =+IFERROR(VLOOKUP(AL15,Auxiliar!$A:$C,2,0),"") -> LATONES | AO15: =+IFERROR(VLOOKUP(AL15,Auxiliar!$A:$C,3,0),"") -> 1b 4% | 5b 7% | 97b 0% | AQ15: 789 | AR15: LATONES KT 2 | AS15: =+IFERROR(VALUE(RIGHT(Tabla8[[#This Row],[B2B]],6)),"") -> 789 | AT15: =+IFERROR(VLOOKUP(AR15,Auxiliar!$A:$C,2,0),"") -> LATONES | AU15: =+IFERROR(VLOOKUP(AR15,Auxiliar!$A:$C,3,0),"") -> 2b 3% | 4b 5% | 5b 8% | 193 0% | AW15: 6221 | AX15: LATONES AS 1 | AY15: =+IFERROR(VALUE(RIGHT(Tabla9[[#This Row],[B2B]],6)),"") -> 6221 | AZ15: =+IFERROR(VLOOKUP(AX15,Auxiliar!$A:$C,2,0),"") -> LATONES | BA15: =+IFERROR(VLOOKUP(AX15,Auxiliar!$A:$C,3,0),"") -> 2b 3% | 4b 4% | 6b 5% | 10b 8% | 385b 0% | BC15: 3850 | BD15: LATONES AS 2 | BE15: =+IFERROR(VALUE(RIGHT(Tabla10[[#This Row],[B2B]],6)),"") -> 3850 | BF15: =+IFERROR(VLOOKUP(BD15,Auxiliar!$A:$C,2,0),"") -> LATONES | BG15: =+IFERROR(VLOOKUP(BD15,Auxiliar!$A:$C,3,0),"") -> 6b 4% | 12b 5% | 15b 8% | 385b 0% | BI15: 6000 | BJ15: 1890 LITRO AS | BK15: =+IFERROR(VALUE(RIGHT(Tabla11[[#This Row],[B2B]],6)),"") -> 6000 | BL15: =+IFERROR(VLOOKUP(BJ15,Auxiliar!$A:$C,2,0),"") -> VALUE LITRO | BM15: =+IFERROR(VLOOKUP(BJ15,Auxiliar!$A:$C,3,0),"") -> 3b 12% | BO15: 5565 | BP15: 1890 LITRO KT | BQ15: =+IFERROR(VALUE(RIGHT(Tabla12[[#This Row],[B2B]],6)),"") -> 5565 | BR15: =+IFERROR(VLOOKUP(BP15,Auxiliar!$A:$C,2,0),"") -> VALUE LITRO | BS15: =+IFERROR(VLOOKUP(BP15,Auxiliar!$A:$C,3,0),"") -> 1b 12% | BU15: 3114 | BV15: CORONA 710 AS | BW15: =+IFERROR(VALUE(RIGHT(Tabla13[[#This Row],[B2B]],6)),"") -> 3114 | BX15: =+IFERROR(VLOOKUP(BV15,Auxiliar!$A:$C,2,0),"") -> Corona 710cc | BY15: =+IFERROR(VLOOKUP(BV15,Auxiliar!$A:$C,3,0),"") -> 3b 10% | 169b 0% | CA15: 229 | CB15: CORONA 710 KT | CC15: =+IFERROR(VALUE(RIGHT(Tabla14[[#This Row],[B2B]],6)),"") -> 229 | CD15: =+IFERROR(VLOOKUP(CB15,Auxiliar!$A:$C,2,0),"") -> Corona 710cc | CE15: =+IFERROR(VLOOKUP(CB15,Auxiliar!$A:$C,3,0),"") -> 1b 10% | 85b 0% | CG15: 6000 | CH15: 1890 LATA AS | CI15: =+IFERROR(VALUE(RIGHT(Tabla15[[#This Row],[B2B]],6)),"") -> 6000 | CJ15: =+IFERROR(VLOOKUP(CH15,Auxiliar!$A:$C,2,0),"") -> VALUE LATA | CK15: =+IFERROR(VLOOKUP(CH15,Auxiliar!$A:$C,3,0),"") -> 3b 15% | 100b 18% | CM15: 229 | CN15: SIN ALCOHOL | CO15: 229 | CP15: SIN ALCOHOL | CQ15: 0b 0% | CS15: 3360 | CT15: AO, PAT y SA - AS | CU15: =+IFERROR(VALUE(RIGHT(Tabla17[[#This Row],[B2B]],6)),"") -> 3360 | CV15: =+IFERROR(VLOOKUP(CT15,Auxiliar!$A:$C,2,0),"") -> PREMIUM | CW15: =+IFERROR(VLOOKUP(CT15,Auxiliar!$A:$C,3,0),"") -> 0b 0% | 5b 2% | 10b 3,5% | 20b 5% | CY15: 229 | CZ15: AO, PAT y SA - K+T | DA15: =+IFERROR(VALUE(RIGHT(Tabla18[[#This Row],[B2B]],6)),"") -> 229 | DB15: =+IFERROR(VLOOKUP(CZ15,Auxiliar!$A:$C,2,0),"") -> PREMIUM | DC15: =+IFERROR(VLOOKUP(CZ15,Auxiliar!$A:$C,3,0),"") -> 0b 0% | 2b 2% | 5b 3,5% | 10b 5% | DE15: 229 | DF15: MICHELOB | DG15: =+IFERROR(VALUE(RIGHT(Tabla19[[#This Row],[B2B]],6)),"") -> 229 | DH15: =+IFERROR(VLOOKUP(DF15,Auxiliar!$A:$C,2,0),"") -> MICHELOB | DI15: =+IFERROR(VLOOKUP(DF15,Auxiliar!$A:$C,3,0),"") -> 1b 7% | 3b 22% | 8b 27% | DK15: 3114 | DL15: CORONA PORRON AS | DM15: =+IFERROR(VALUE(RIGHT(Tabla20[[#This Row],[B2B]],6)),"") -> 3114 | DN15: =+IFERROR(VLOOKUP(DL15,Auxiliar!$A:$C,2,0),"") -> CORONA PORRON | DO15: =+IFERROR(VLOOKUP(DL15,Auxiliar!$A:$C,3,0),"") -> 3b 5% | 42b 0% | DQ15: 229 | DR15: CORONA PORRON KT | DS15: =+IFERROR(VALUE(RIGHT(Tabla21[[#This Row],[B2B]],6)),"") -> 229 | DT15: =+IFERROR(VLOOKUP(DR15,Auxiliar!$A:$C,2,0),"") -> CORONA PORRON | DU15: =+IFERROR(VLOOKUP(DR15,Auxiliar!$A:$C,3,0),"") -> 1b 5% | 20b 0% | DW15: 5565 | DX15: 1890 LATA KT | DY15: =+IFERROR(VALUE(RIGHT(Tabla22[[#This Row],[B2B]],6)),"") -> 5565 | DZ15: =+IFERROR(VLOOKUP(DX15,Auxiliar!$A:$C,2,0),"") -> VALUE LATA | EA15: =+IFERROR(VLOOKUP(DX15,Auxiliar!$A:$C,3,0),"") -> 1b 15% | 100b 18% | EC15: 5565 | ED15: 1890 LATON | EE15: =+IFERROR(VALUE(RIGHT(Tabla23[[#This Row],[B2B]],6)),"") -> 5565 | EF15: =+IFERROR(VLOOKUP(ED15,Auxiliar!$A:$C,2,0),"") -> VALUE LATON | EG15: =+IFERROR(VLOOKUP(ED15,Auxiliar!$A:$C,3,0),"") -> 1b 10% | 5b 15% | 192b 0% | EI15: 6002 | EJ15: 1890 LATON AS | EK15: =+IFERROR(VALUE(RIGHT(Tabla24[[#This Row],[B2B]],6)),"") -> 6002 | EL15: =+IFERROR(VLOOKUP(EJ15,Auxiliar!$A:$C,2,0),"") -> VALUE LATON | EM15: =+IFERROR(VLOOKUP(EJ15,Auxiliar!$A:$C,3,0),"") -> 3b 10% | 10b 15% | 384b 0% | EQ15: =+IFERROR(VALUE(RIGHT(Tabla25[[#This Row],[B2B]],6)),"") | ER15: =+IFERROR(VLOOKUP(EP15,Auxiliar!$A:$C,2,0),"") | ES15: =+IFERROR(VLOOKUP(EP15,Auxiliar!$A:$C,3,0),"") | EW15: =+IFERROR(VALUE(RIGHT(Tabla26[[#This Row],[B2B]],6)),"") | EX15: =+IFERROR(VLOOKUP(EV15,Auxiliar!$A:$C,2,0),"") | EY15: =+IFERROR(VLOOKUP(EV15,Auxiliar!$A:$C,3,0),"") | EZ15: 5535 | FA15: LLENADO KT 3 | FB15: =+IFERROR(VALUE(RIGHT(Tabla27[[#This Row],[B2B]],6)),"") -> 5535 | FC15: =+IFERROR(VLOOKUP(FA15,Auxiliar!$A:$C,2,0),"") -> CORE 2 | FD15: =+IFERROR(VLOOKUP(FA15,Auxiliar!$A:$C,3,0),"") -> 25b 9% | FG15: =+IFERROR(VALUE(RIGHT(Tabla28[[#This Row],[B2B]],6)),"") | FH15: =+IFERROR(VLOOKUP(FF15,Auxiliar!$A:$C,2,0),"") | FI15: =+IFERROR(VLOOKUP(FF15,Auxiliar!$A:$C,3,0),"") | FL15: =+IFERROR(VALUE(RIGHT(Tabla29[[#This Row],[B2B]],6)),"") | FM15: =+IFERROR(VLOOKUP(FK15,Auxiliar!$A:$C,2,0),"") | FN15: =+IFERROR(VLOOKUP(FK15,Auxiliar!$A:$C,3,0),"") | FQ15: =+IFERROR(VALUE(RIGHT(Tabla30[[#This Row],[B2B]],6)),"") | FR15: =+IFERROR(VLOOKUP(FP15,Auxiliar!$A:$C,2,0),"") | FV15: =+IFERROR(VALUE(RIGHT(Tabla31[[#This Row],[B2B]],6)),"") | FW15: =+IFERROR(VLOOKUP(FU15,Auxiliar!$A:$C,2,0),"") | FX15: =+IFERROR(VLOOKUP(FU15,Auxiliar!$A:$C,3,0),"") | GA15: =+IFERROR(VALUE(RIGHT(Tabla32[[#This Row],[B2B]],6)),"") | GB15: =+IFERROR(VLOOKUP(FZ15,Auxiliar!$A:$C,2,0),"") | GC15: =+IFERROR(VLOOKUP(FZ15,Auxiliar!$A:$C,3,0),"") | GF15: =+IFERROR(VALUE(RIGHT(Tabla33[[#This Row],[B2B]],6)),"") | GG15: =+IFERROR(VLOOKUP(GE15,Auxiliar!$A:$C,2,0),"") | GH15: =+IFERROR(VLOOKUP(GE15,Auxiliar!$A:$C,3,0),"")
A16: 4373 | B16: TIER 1 CORE AS | C16: =+IFERROR(VALUE(RIGHT(Tabla1[[#This Row],[B2B]],6)),"") -> 4373 | D16: =+IFERROR(VLOOKUP(B16,Auxiliar!$A:$C,2,0),"") -> CORE | E16: =+IFERROR(VLOOKUP(B16,Auxiliar!$A:$C,3,0),"") -> 0b 1% | 5b 4% | 10b 5% | 15b 6% | 25b 9% | G16: 11548 | H16: TIER 2 CORE AS | I16: =+IFERROR(VALUE(RIGHT(Tabla2[[#This Row],[B2B]],6)),"") -> 11548 | J16: =+IFERROR(VLOOKUP(H16,Auxiliar!$A:$C,2,0),"") -> CORE | K16: =+IFERROR(VLOOKUP(H16,Auxiliar!$A:$C,3,0),"") -> 0b 1% | 15b 4% | 40b 5% | 60b 9% | S16: 352 | T16: TIER 1 CORE KT | U16: =+IFERROR(VALUE(RIGHT(Tabla4[[#This Row],[B2B]],6)),"") -> 352 | V16: =+IFERROR(VLOOKUP(T16,Auxiliar!$A:$C,2,0),"") -> CORE | W16: =+IFERROR(VLOOKUP(T16,Auxiliar!$A:$C,3,0),"") -> 0b 1% | 2b 5% | 4b 6% | Y16: 1070 | Z16: TIER 2 CORE KT | AA16: =+IFERROR(VALUE(RIGHT(Tabla5[[#This Row],[B2B]],6)),"") -> 1070 | AB16: =+IFERROR(VLOOKUP(Z16,Auxiliar!$A:$C,2,0),"") -> CORE | AC16: =+IFERROR(VLOOKUP(Z16,Auxiliar!$A:$C,3,0),"") -> 0b 1% | 3b 4% | 5b 6% | AE16: 1211 | AF16: TIER 3 CORE KT | AG16: =+IFERROR(VALUE(RIGHT(Tabla6[[#This Row],[B2B]],6)),"") -> 1211 | AH16: =+IFERROR(VLOOKUP(AF16,Auxiliar!$A:$C,2,0),"") -> CORE | AI16: =+IFERROR(VLOOKUP(AF16,Auxiliar!$A:$C,3,0),"") -> 0b 1% | 6b 5% | 10b 6% | AK16: 327 | AL16: LATONES KT 1 | AM16: =+IFERROR(VALUE(RIGHT(Tabla7[[#This Row],[B2B]],6)),"") -> 327 | AN16: =+IFERROR(VLOOKUP(AL16,Auxiliar!$A:$C,2,0),"") -> LATONES | AO16: =+IFERROR(VLOOKUP(AL16,Auxiliar!$A:$C,3,0),"") -> 1b 4% | 5b 7% | 97b 0% | AQ16: 833 | AR16: LATONES KT 2 | AS16: =+IFERROR(VALUE(RIGHT(Tabla8[[#This Row],[B2B]],6)),"") -> 833 | AT16: =+IFERROR(VLOOKUP(AR16,Auxiliar!$A:$C,2,0),"") -> LATONES | AU16: =+IFERROR(VLOOKUP(AR16,Auxiliar!$A:$C,3,0),"") -> 2b 3% | 4b 5% | 5b 8% | 193 0% | AW16: 6311 | AX16: LATONES AS 1 | AY16: =+IFERROR(VALUE(RIGHT(Tabla9[[#This Row],[B2B]],6)),"") -> 6311 | AZ16: =+IFERROR(VLOOKUP(AX16,Auxiliar!$A:$C,2,0),"") -> LATONES | BA16: =+IFERROR(VLOOKUP(AX16,Auxiliar!$A:$C,3,0),"") -> 2b 3% | 4b 4% | 6b 5% | 10b 8% | 385b 0% | BC16: 3859 | BD16: LATONES AS 2 | BE16: =+IFERROR(VALUE(RIGHT(Tabla10[[#This Row],[B2B]],6)),"") -> 3859 | BF16: =+IFERROR(VLOOKUP(BD16,Auxiliar!$A:$C,2,0),"") -> LATONES | BG16: =+IFERROR(VLOOKUP(BD16,Auxiliar!$A:$C,3,0),"") -> 6b 4% | 12b 5% | 15b 8% | 385b 0% | BI16: 6001 | BJ16: 1890 LITRO AS | BK16: =+IFERROR(VALUE(RIGHT(Tabla11[[#This Row],[B2B]],6)),"") -> 6001 | BL16: =+IFERROR(VLOOKUP(BJ16,Auxiliar!$A:$C,2,0),"") -> VALUE LITRO | BM16: =+IFERROR(VLOOKUP(BJ16,Auxiliar!$A:$C,3,0),"") -> 3b 12% | BO16: 3915 | BP16: 1890 LITRO KT | BQ16: =+IFERROR(VALUE(RIGHT(Tabla12[[#This Row],[B2B]],6)),"") -> 3915 | BR16: =+IFERROR(VLOOKUP(BP16,Auxiliar!$A:$C,2,0),"") -> VALUE LITRO | BS16: =+IFERROR(VLOOKUP(BP16,Auxiliar!$A:$C,3,0),"") -> 1b 12% | BU16: 3360 | BV16: CORONA 710 AS | BW16: =+IFERROR(VALUE(RIGHT(Tabla13[[#This Row],[B2B]],6)),"") -> 3360 | BX16: =+IFERROR(VLOOKUP(BV16,Auxiliar!$A:$C,2,0),"") -> Corona 710cc | BY16: =+IFERROR(VLOOKUP(BV16,Auxiliar!$A:$C,3,0),"") -> 3b 10% | 169b 0% | CA16: 247 | CB16: CORONA 710 KT | CC16: =+IFERROR(VALUE(RIGHT(Tabla14[[#This Row],[B2B]],6)),"") -> 247 | CD16: =+IFERROR(VLOOKUP(CB16,Auxiliar!$A:$C,2,0),"") -> Corona 710cc | CE16: =+IFERROR(VLOOKUP(CB16,Auxiliar!$A:$C,3,0),"") -> 1b 10% | 85b 0% | CG16: 6001 | CH16: 1890 LATA AS | CI16: =+IFERROR(VALUE(RIGHT(Tabla15[[#This Row],[B2B]],6)),"") -> 6001 | CJ16: =+IFERROR(VLOOKUP(CH16,Auxiliar!$A:$C,2,0),"") -> VALUE LATA | CK16: =+IFERROR(VLOOKUP(CH16,Auxiliar!$A:$C,3,0),"") -> 3b 15% | 100b 18% | CM16: 247 | CN16: SIN ALCOHOL | CO16: 247 | CP16: SIN ALCOHOL | CQ16: 0b 0% | CS16: 3376 | CT16: AO, PAT y SA - AS | CU16: =+IFERROR(VALUE(RIGHT(Tabla17[[#This Row],[B2B]],6)),"") -> 3376 | CV16: =+IFERROR(VLOOKUP(CT16,Auxiliar!$A:$C,2,0),"") -> PREMIUM | CW16: =+IFERROR(VLOOKUP(CT16,Auxiliar!$A:$C,3,0),"") -> 0b 0% | 5b 2% | 10b 3,5% | 20b 5% | CY16: 247 | CZ16: AO, PAT y SA - K+T | DA16: =+IFERROR(VALUE(RIGHT(Tabla18[[#This Row],[B2B]],6)),"") -> 247 | DB16: =+IFERROR(VLOOKUP(CZ16,Auxiliar!$A:$C,2,0),"") -> PREMIUM | DC16: =+IFERROR(VLOOKUP(CZ16,Auxiliar!$A:$C,3,0),"") -> 0b 0% | 2b 2% | 5b 3,5% | 10b 5% | DE16: 247 | DF16: MICHELOB | DG16: =+IFERROR(VALUE(RIGHT(Tabla19[[#This Row],[B2B]],6)),"") -> 247 | DH16: =+IFERROR(VLOOKUP(DF16,Auxiliar!$A:$C,2,0),"") -> MICHELOB | DI16: =+IFERROR(VLOOKUP(DF16,Auxiliar!$A:$C,3,0),"") -> 1b 7% | 3b 22% | 8b 27% | DK16: 3360 | DL16: CORONA PORRON AS | DM16: =+IFERROR(VALUE(RIGHT(Tabla20[[#This Row],[B2B]],6)),"") -> 3360 | DN16: =+IFERROR(VLOOKUP(DL16,Auxiliar!$A:$C,2,0),"") -> CORONA PORRON | DO16: =+IFERROR(VLOOKUP(DL16,Auxiliar!$A:$C,3,0),"") -> 3b 5% | 42b 0% | DQ16: 247 | DR16: CORONA PORRON KT | DS16: =+IFERROR(VALUE(RIGHT(Tabla21[[#This Row],[B2B]],6)),"") -> 247 | DT16: =+IFERROR(VLOOKUP(DR16,Auxiliar!$A:$C,2,0),"") -> CORONA PORRON | DU16: =+IFERROR(VLOOKUP(DR16,Auxiliar!$A:$C,3,0),"") -> 1b 5% | 20b 0% | DW16: 3915 | DX16: 1890 LATA KT | DY16: =+IFERROR(VALUE(RIGHT(Tabla22[[#This Row],[B2B]],6)),"") -> 3915 | DZ16: =+IFERROR(VLOOKUP(DX16,Auxiliar!$A:$C,2,0),"") -> VALUE LATA | EA16: =+IFERROR(VLOOKUP(DX16,Auxiliar!$A:$C,3,0),"") -> 1b 15% | 100b 18% | EC16: 3915 | ED16: 1890 LATON | EE16: =+IFERROR(VALUE(RIGHT(Tabla23[[#This Row],[B2B]],6)),"") -> 3915 | EF16: =+IFERROR(VLOOKUP(ED16,Auxiliar!$A:$C,2,0),"") -> VALUE LATON | EG16: =+IFERROR(VLOOKUP(ED16,Auxiliar!$A:$C,3,0),"") -> 1b 10% | 5b 15% | 192b 0% | EI16: 4982 | EJ16: 1890 LATON AS | EK16: =+IFERROR(VALUE(RIGHT(Tabla24[[#This Row],[B2B]],6)),"") -> 4982 | EL16: =+IFERROR(VLOOKUP(EJ16,Auxiliar!$A:$C,2,0),"") -> VALUE LATON | EM16: =+IFERROR(VLOOKUP(EJ16,Auxiliar!$A:$C,3,0),"") -> 3b 10% | 10b 15% | 384b 0% | EQ16: =+IFERROR(VALUE(RIGHT(Tabla25[[#This Row],[B2B]],6)),"") | ER16: =+IFERROR(VLOOKUP(EP16,Auxiliar!$A:$C,2,0),"") | ES16: =+IFERROR(VLOOKUP(EP16,Auxiliar!$A:$C,3,0),"") | EW16: =+IFERROR(VALUE(RIGHT(Tabla26[[#This Row],[B2B]],6)),"") | EX16: =+IFERROR(VLOOKUP(EV16,Auxiliar!$A:$C,2,0),"") | EY16: =+IFERROR(VLOOKUP(EV16,Auxiliar!$A:$C,3,0),"") | EZ16: 5617 | FA16: LLENADO KT 3 | FB16: =+IFERROR(VALUE(RIGHT(Tabla27[[#This Row],[B2B]],6)),"") -> 5617 | FC16: =+IFERROR(VLOOKUP(FA16,Auxiliar!$A:$C,2,0),"") -> CORE 2 | FD16: =+IFERROR(VLOOKUP(FA16,Auxiliar!$A:$C,3,0),"") -> 25b 9% | FG16: =+IFERROR(VALUE(RIGHT(Tabla28[[#This Row],[B2B]],6)),"") | FH16: =+IFERROR(VLOOKUP(FF16,Auxiliar!$A:$C,2,0),"") | FI16: =+IFERROR(VLOOKUP(FF16,Auxiliar!$A:$C,3,0),"") | FL16: =+IFERROR(VALUE(RIGHT(Tabla29[[#This Row],[B2B]],6)),"") | FM16: =+IFERROR(VLOOKUP(FK16,Auxiliar!$A:$C,2,0),"") | FN16: =+IFERROR(VLOOKUP(FK16,Auxiliar!$A:$C,3,0),"") | FQ16: =+IFERROR(VALUE(RIGHT(Tabla30[[#This Row],[B2B]],6)),"") | FR16: =+IFERROR(VLOOKUP(FP16,Auxiliar!$A:$C,2,0),"") | FV16: =+IFERROR(VALUE(RIGHT(Tabla31[[#This Row],[B2B]],6)),"") | FW16: =+IFERROR(VLOOKUP(FU16,Auxiliar!$A:$C,2,0),"") | FX16: =+IFERROR(VLOOKUP(FU16,Auxiliar!$A:$C,3,0),"") | GA16: =+IFERROR(VALUE(RIGHT(Tabla32[[#This Row],[B2B]],6)),"") | GB16: =+IFERROR(VLOOKUP(FZ16,Auxiliar!$A:$C,2,0),"") | GC16: =+IFERROR(VLOOKUP(FZ16,Auxiliar!$A:$C,3,0),"") | GF16: =+IFERROR(VALUE(RIGHT(Tabla33[[#This Row],[B2B]],6)),"") | GG16: =+IFERROR(VLOOKUP(GE16,Auxiliar!$A:$C,2,0),"") | GH16: =+IFERROR(VLOOKUP(GE16,Auxiliar!$A:$C,3,0),"")
A17: 4400 | B17: TIER 1 CORE AS | C17: =+IFERROR(VALUE(RIGHT(Tabla1[[#This Row],[B2B]],6)),"") -> 4400 | D17: =+IFERROR(VLOOKUP(B17,Auxiliar!$A:$C,2,0),"") -> CORE | E17: =+IFERROR(VLOOKUP(B17,Auxiliar!$A:$C,3,0),"") -> 0b 1% | 5b 4% | 10b 5% | 15b 6% | 25b 9% | G17: 11664 | H17: TIER 2 CORE AS | I17: =+IFERROR(VALUE(RIGHT(Tabla2[[#This Row],[B2B]],6)),"") -> 11664 | J17: =+IFERROR(VLOOKUP(H17,Auxiliar!$A:$C,2,0),"") -> CORE | K17: =+IFERROR(VLOOKUP(H17,Auxiliar!$A:$C,3,0),"") -> 0b 1% | 15b 4% | 40b 5% | 60b 9% | S17: 369 | T17: TIER 1 CORE KT | U17: =+IFERROR(VALUE(RIGHT(Tabla4[[#This Row],[B2B]],6)),"") -> 369 | V17: =+IFERROR(VLOOKUP(T17,Auxiliar!$A:$C,2,0),"") -> CORE | W17: =+IFERROR(VLOOKUP(T17,Auxiliar!$A:$C,3,0),"") -> 0b 1% | 2b 5% | 4b 6% | Y17: 1098 | Z17: TIER 2 CORE KT | AA17: =+IFERROR(VALUE(RIGHT(Tabla5[[#This Row],[B2B]],6)),"") -> 1098 | AB17: =+IFERROR(VLOOKUP(Z17,Auxiliar!$A:$C,2,0),"") -> CORE | AC17: =+IFERROR(VLOOKUP(Z17,Auxiliar!$A:$C,3,0),"") -> 0b 1% | 3b 4% | 5b 6% | AE17: 1258 | AF17: TIER 3 CORE KT | AG17: =+IFERROR(VALUE(RIGHT(Tabla6[[#This Row],[B2B]],6)),"") -> 1258 | AH17: =+IFERROR(VLOOKUP(AF17,Auxiliar!$A:$C,2,0),"") -> CORE | AI17: =+IFERROR(VLOOKUP(AF17,Auxiliar!$A:$C,3,0),"") -> 0b 1% | 6b 5% | 10b 6% | AK17: 337 | AL17: LATONES KT 1 | AM17: =+IFERROR(VALUE(RIGHT(Tabla7[[#This Row],[B2B]],6)),"") -> 337 | AN17: =+IFERROR(VLOOKUP(AL17,Auxiliar!$A:$C,2,0),"") -> LATONES | AO17: =+IFERROR(VLOOKUP(AL17,Auxiliar!$A:$C,3,0),"") -> 1b 4% | 5b 7% | 97b 0% | AQ17: 906 | AR17: LATONES KT 2 | AS17: =+IFERROR(VALUE(RIGHT(Tabla8[[#This Row],[B2B]],6)),"") -> 906 | AT17: =+IFERROR(VLOOKUP(AR17,Auxiliar!$A:$C,2,0),"") -> LATONES | AU17: =+IFERROR(VLOOKUP(AR17,Auxiliar!$A:$C,3,0),"") -> 2b 3% | 4b 5% | 5b 8% | 193 0% | AW17: 6360 | AX17: LATONES AS 1 | AY17: =+IFERROR(VALUE(RIGHT(Tabla9[[#This Row],[B2B]],6)),"") -> 6360 | AZ17: =+IFERROR(VLOOKUP(AX17,Auxiliar!$A:$C,2,0),"") -> LATONES | BA17: =+IFERROR(VLOOKUP(AX17,Auxiliar!$A:$C,3,0),"") -> 2b 3% | 4b 4% | 6b 5% | 10b 8% | 385b 0% | BC17: 3897 | BD17: LATONES AS 2 | BE17: =+IFERROR(VALUE(RIGHT(Tabla10[[#This Row],[B2B]],6)),"") -> 3897 | BF17: =+IFERROR(VLOOKUP(BD17,Auxiliar!$A:$C,2,0),"") -> LATONES | BG17: =+IFERROR(VLOOKUP(BD17,Auxiliar!$A:$C,3,0),"") -> 6b 4% | 12b 5% | 15b 8% | 385b 0% | BI17: 6002 | BJ17: 1890 LITRO AS | BK17: =+IFERROR(VALUE(RIGHT(Tabla11[[#This Row],[B2B]],6)),"") -> 6002 | BL17: =+IFERROR(VLOOKUP(BJ17,Auxiliar!$A:$C,2,0),"") -> VALUE LITRO | BM17: =+IFERROR(VLOOKUP(BJ17,Auxiliar!$A:$C,3,0),"") -> 3b 12% | BO17: 5566 | BP17: 1890 LITRO KT | BQ17: =+IFERROR(VALUE(RIGHT(Tabla12[[#This Row],[B2B]],6)),"") -> 5566 | BR17: =+IFERROR(VLOOKUP(BP17,Auxiliar!$A:$C,2,0),"") -> VALUE LITRO | BS17: =+IFERROR(VLOOKUP(BP17,Auxiliar!$A:$C,3,0),"") -> 1b 12% | BU17: 3376 | BV17: CORONA 710 AS | BW17: =+IFERROR(VALUE(RIGHT(Tabla13[[#This Row],[B2B]],6)),"") -> 3376 | BX17: =+IFERROR(VLOOKUP(BV17,Auxiliar!$A:$C,2,0),"") -> Corona 710cc | BY17: =+IFERROR(VLOOKUP(BV17,Auxiliar!$A:$C,3,0),"") -> 3b 10% | 169b 0% | CA17: 255 | CB17: CORONA 710 KT | CC17: =+IFERROR(VALUE(RIGHT(Tabla14[[#This Row],[B2B]],6)),"") -> 255 | CD17: =+IFERROR(VLOOKUP(CB17,Auxiliar!$A:$C,2,0),"") -> Corona 710cc | CE17: =+IFERROR(VLOOKUP(CB17,Auxiliar!$A:$C,3,0),"") -> 1b 10% | 85b 0% | CG17: 6002 | CH17: 1890 LATA AS | CI17: =+IFERROR(VALUE(RIGHT(Tabla15[[#This Row],[B2B]],6)),"") -> 6002 | CJ17: =+IFERROR(VLOOKUP(CH17,Auxiliar!$A:$C,2,0),"") -> VALUE LATA | CK17: =+IFERROR(VLOOKUP(CH17,Auxiliar!$A:$C,3,0),"") -> 3b 15% | 100b 18% | CM17: 255 | CN17: SIN ALCOHOL | CO17: 255 | CP17: SIN ALCOHOL | CQ17: 0b 0% | CS17: 3474 | CT17: AO, PAT y SA - AS | CU17: =+IFERROR(VALUE(RIGHT(Tabla17[[#This Row],[B2B]],6)),"") -> 3474 | CV17: =+IFERROR(VLOOKUP(CT17,Auxiliar!$A:$C,2,0),"") -> PREMIUM | CW17: =+IFERROR(VLOOKUP(CT17,Auxiliar!$A:$C,3,0),"") -> 0b 0% | 5b 2% | 10b 3,5% | 20b 5% | CY17: 255 | CZ17: AO, PAT y SA - K+T | DA17: =+IFERROR(VALUE(RIGHT(Tabla18[[#This Row],[B2B]],6)),"") -> 255 | DB17: =+IFERROR(VLOOKUP(CZ17,Auxiliar!$A:$C,2,0),"") -> PREMIUM | DC17: =+IFERROR(VLOOKUP(CZ17,Auxiliar!$A:$C,3,0),"") -> 0b 0% | 2b 2% | 5b 3,5% | 10b 5% | DE17: 255 | DF17: MICHELOB | DG17: =+IFERROR(VALUE(RIGHT(Tabla19[[#This Row],[B2B]],6)),"") -> 255 | DH17: =+IFERROR(VLOOKUP(DF17,Auxiliar!$A:$C,2,0),"") -> MICHELOB | DI17: =+IFERROR(VLOOKUP(DF17,Auxiliar!$A:$C,3,0),"") -> 1b 7% | 3b 22% | 8b 27% | DK17: 3376 | DL17: CORONA PORRON AS | DM17: =+IFERROR(VALUE(RIGHT(Tabla20[[#This Row],[B2B]],6)),"") -> 3376 | DN17: =+IFERROR(VLOOKUP(DL17,Auxiliar!$A:$C,2,0),"") -> CORONA PORRON | DO17: =+IFERROR(VLOOKUP(DL17,Auxiliar!$A:$C,3,0),"") -> 3b 5% | 42b 0% | DQ17: 255 | DR17: CORONA PORRON KT | DS17: =+IFERROR(VALUE(RIGHT(Tabla21[[#This Row],[B2B]],6)),"") -> 255 | DT17: =+IFERROR(VLOOKUP(DR17,Auxiliar!$A:$C,2,0),"") -> CORONA PORRON | DU17: =+IFERROR(VLOOKUP(DR17,Auxiliar!$A:$C,3,0),"") -> 1b 5% | 20b 0% | DW17: 5566 | DX17: 1890 LATA KT | DY17: =+IFERROR(VALUE(RIGHT(Tabla22[[#This Row],[B2B]],6)),"") -> 5566 | DZ17: =+IFERROR(VLOOKUP(DX17,Auxiliar!$A:$C,2,0),"") -> VALUE LATA | EA17: =+IFERROR(VLOOKUP(DX17,Auxiliar!$A:$C,3,0),"") -> 1b 15% | 100b 18% | EC17: 5566 | ED17: 1890 LATON | EE17: =+IFERROR(VALUE(RIGHT(Tabla23[[#This Row],[B2B]],6)),"") -> 5566 | EF17: =+IFERROR(VLOOKUP(ED17,Auxiliar!$A:$C,2,0),"") -> VALUE LATON | EG17: =+IFERROR(VLOOKUP(ED17,Auxiliar!$A:$C,3,0),"") -> 1b 10% | 5b 15% | 192b 0% | EI17: 6129 | EJ17: 1890 LATON AS | EK17: =+IFERROR(VALUE(RIGHT(Tabla24[[#This Row],[B2B]],6)),"") -> 6129 | EL17: =+IFERROR(VLOOKUP(EJ17,Auxiliar!$A:$C,2,0),"") -> VALUE LATON | EM17: =+IFERROR(VLOOKUP(EJ17,Auxiliar!$A:$C,3,0),"") -> 3b 10% | 10b 15% | 384b 0% | EQ17: =+IFERROR(VALUE(RIGHT(Tabla25[[#This Row],[B2B]],6)),"") | ER17: =+IFERROR(VLOOKUP(EP17,Auxiliar!$A:$C,2,0),"") | ES17: =+IFERROR(VLOOKUP(EP17,Auxiliar!$A:$C,3,0),"") | EW17: =+IFERROR(VALUE(RIGHT(Tabla26[[#This Row],[B2B]],6)),"") | EX17: =+IFERROR(VLOOKUP(EV17,Auxiliar!$A:$C,2,0),"") | EY17: =+IFERROR(VLOOKUP(EV17,Auxiliar!$A:$C,3,0),"") | EZ17: 6166 | FA17: LLENADO KT 3 | FB17: =+IFERROR(VALUE(RIGHT(Tabla27[[#This Row],[B2B]],6)),"") -> 6166 | FC17: =+IFERROR(VLOOKUP(FA17,Auxiliar!$A:$C,2,0),"") -> CORE 2 | FD17: =+IFERROR(VLOOKUP(FA17,Auxiliar!$A:$C,3,0),"") -> 25b 9% | FG17: =+IFERROR(VALUE(RIGHT(Tabla28[[#This Row],[B2B]],6)),"") | FH17: =+IFERROR(VLOOKUP(FF17,Auxiliar!$A:$C,2,0),"") | FI17: =+IFERROR(VLOOKUP(FF17,Auxiliar!$A:$C,3,0),"") | FL17: =+IFERROR(VALUE(RIGHT(Tabla29[[#This Row],[B2B]],6)),"") | FM17: =+IFERROR(VLOOKUP(FK17,Auxiliar!$A:$C,2,0),"") | FN17: =+IFERROR(VLOOKUP(FK17,Auxiliar!$A:$C,3,0),"") | FQ17: =+IFERROR(VALUE(RIGHT(Tabla30[[#This Row],[B2B]],6)),"") | FR17: =+IFERROR(VLOOKUP(FP17,Auxiliar!$A:$C,2,0),"") | FV17: =+IFERROR(VALUE(RIGHT(Tabla31[[#This Row],[B2B]],6)),"") | FW17: =+IFERROR(VLOOKUP(FU17,Auxiliar!$A:$C,2,0),"") | FX17: =+IFERROR(VLOOKUP(FU17,Auxiliar!$A:$C,3,0),"") | GA17: =+IFERROR(VALUE(RIGHT(Tabla32[[#This Row],[B2B]],6)),"") | GB17: =+IFERROR(VLOOKUP(FZ17,Auxiliar!$A:$C,2,0),"") | GC17: =+IFERROR(VLOOKUP(FZ17,Auxiliar!$A:$C,3,0),"") | GF17: =+IFERROR(VALUE(RIGHT(Tabla33[[#This Row],[B2B]],6)),"") | GG17: =+IFERROR(VLOOKUP(GE17,Auxiliar!$A:$C,2,0),"") | GH17: =+IFERROR(VLOOKUP(GE17,Auxiliar!$A:$C,3,0),"")
A18: 4515 | B18: TIER 1 CORE AS | C18: =+IFERROR(VALUE(RIGHT(Tabla1[[#This Row],[B2B]],6)),"") -> 4515 | D18: =+IFERROR(VLOOKUP(B18,Auxiliar!$A:$C,2,0),"") -> CORE | E18: =+IFERROR(VLOOKUP(B18,Auxiliar!$A:$C,3,0),"") -> 0b 1% | 5b 4% | 10b 5% | 15b 6% | 25b 9% | G18: 11755 | H18: TIER 2 CORE AS | I18: =+IFERROR(VALUE(RIGHT(Tabla2[[#This Row],[B2B]],6)),"") -> 11755 | J18: =+IFERROR(VLOOKUP(H18,Auxiliar!$A:$C,2,0),"") -> CORE | K18: =+IFERROR(VLOOKUP(H18,Auxiliar!$A:$C,3,0),"") -> 0b 1% | 15b 4% | 40b 5% | 60b 9% | S18: 381 | T18: TIER 1 CORE KT | U18: =+IFERROR(VALUE(RIGHT(Tabla4[[#This Row],[B2B]],6)),"") -> 381 | V18: =+IFERROR(VLOOKUP(T18,Auxiliar!$A:$C,2,0),"") -> CORE | W18: =+IFERROR(VLOOKUP(T18,Auxiliar!$A:$C,3,0),"") -> 0b 1% | 2b 5% | 4b 6% | Y18: 1165 | Z18: TIER 2 CORE KT | AA18: =+IFERROR(VALUE(RIGHT(Tabla5[[#This Row],[B2B]],6)),"") -> 1165 | AB18: =+IFERROR(VLOOKUP(Z18,Auxiliar!$A:$C,2,0),"") -> CORE | AC18: =+IFERROR(VLOOKUP(Z18,Auxiliar!$A:$C,3,0),"") -> 0b 1% | 3b 4% | 5b 6% | AE18: 1306 | AF18: TIER 3 CORE KT | AG18: =+IFERROR(VALUE(RIGHT(Tabla6[[#This Row],[B2B]],6)),"") -> 1306 | AH18: =+IFERROR(VLOOKUP(AF18,Auxiliar!$A:$C,2,0),"") -> CORE | AI18: =+IFERROR(VLOOKUP(AF18,Auxiliar!$A:$C,3,0),"") -> 0b 1% | 6b 5% | 10b 6% | AK18: 352 | AL18: LATONES KT 1 | AM18: =+IFERROR(VALUE(RIGHT(Tabla7[[#This Row],[B2B]],6)),"") -> 352 | AN18: =+IFERROR(VLOOKUP(AL18,Auxiliar!$A:$C,2,0),"") -> LATONES | AO18: =+IFERROR(VLOOKUP(AL18,Auxiliar!$A:$C,3,0),"") -> 1b 4% | 5b 7% | 97b 0% | AQ18: 960 | AR18: LATONES KT 2 | AS18: =+IFERROR(VALUE(RIGHT(Tabla8[[#This Row],[B2B]],6)),"") -> 960 | AT18: =+IFERROR(VLOOKUP(AR18,Auxiliar!$A:$C,2,0),"") -> LATONES | AU18: =+IFERROR(VLOOKUP(AR18,Auxiliar!$A:$C,3,0),"") -> 2b 3% | 4b 5% | 5b 8% | 193 0% | AW18: 6387 | AX18: LATONES AS 1 | AY18: =+IFERROR(VALUE(RIGHT(Tabla9[[#This Row],[B2B]],6)),"") -> 6387 | AZ18: =+IFERROR(VLOOKUP(AX18,Auxiliar!$A:$C,2,0),"") -> LATONES | BA18: =+IFERROR(VLOOKUP(AX18,Auxiliar!$A:$C,3,0),"") -> 2b 3% | 4b 4% | 6b 5% | 10b 8% | 385b 0% | BC18: 4057 | BD18: LATONES AS 2 | BE18: =+IFERROR(VALUE(RIGHT(Tabla10[[#This Row],[B2B]],6)),"") -> 4057 | BF18: =+IFERROR(VLOOKUP(BD18,Auxiliar!$A:$C,2,0),"") -> LATONES | BG18: =+IFERROR(VLOOKUP(BD18,Auxiliar!$A:$C,3,0),"") -> 6b 4% | 12b 5% | 15b 8% | 385b 0% | BI18: 6010 | BJ18: 1890 LITRO AS | BK18: =+IFERROR(VALUE(RIGHT(Tabla11[[#This Row],[B2B]],6)),"") -> 6010 | BL18: =+IFERROR(VLOOKUP(BJ18,Auxiliar!$A:$C,2,0),"") -> VALUE LITRO | BM18: =+IFERROR(VLOOKUP(BJ18,Auxiliar!$A:$C,3,0),"") -> 3b 12% | BO18: 5567 | BP18: 1890 LITRO KT | BQ18: =+IFERROR(VALUE(RIGHT(Tabla12[[#This Row],[B2B]],6)),"") -> 5567 | BR18: =+IFERROR(VLOOKUP(BP18,Auxiliar!$A:$C,2,0),"") -> VALUE LITRO | BS18: =+IFERROR(VLOOKUP(BP18,Auxiliar!$A:$C,3,0),"") -> 1b 12% | BU18: 3474 | BV18: CORONA 710 AS | BW18: =+IFERROR(VALUE(RIGHT(Tabla13[[#This Row],[B2B]],6)),"") -> 3474 | BX18: =+IFERROR(VLOOKUP(BV18,Auxiliar!$A:$C,2,0),"") -> Corona 710cc | BY18: =+IFERROR(VLOOKUP(BV18,Auxiliar!$A:$C,3,0),"") -> 3b 10% | 169b 0% | CA18: 289 | CB18: CORONA 710 KT | CC18: =+IFERROR(VALUE(RIGHT(Tabla14[[#This Row],[B2B]],6)),"") -> 289 | CD18: =+IFERROR(VLOOKUP(CB18,Auxiliar!$A:$C,2,0),"") -> Corona 710cc | CE18: =+IFERROR(VLOOKUP(CB18,Auxiliar!$A:$C,3,0),"") -> 1b 10% | 85b 0% | CG18: 6010 | CH18: 1890 LATA AS | CI18: =+IFERROR(VALUE(RIGHT(Tabla15[[#This Row],[B2B]],6)),"") -> 6010 | CJ18: =+IFERROR(VLOOKUP(CH18,Auxiliar!$A:$C,2,0),"") -> VALUE LATA | CK18: =+IFERROR(VLOOKUP(CH18,Auxiliar!$A:$C,3,0),"") -> 3b 15% | 100b 18% | CM18: 289 | CN18: SIN ALCOHOL | CO18: 289 | CP18: SIN ALCOHOL | CQ18: 0b 0% | CS18: 3498 | CT18: AO, PAT y SA - AS | CU18: =+IFERROR(VALUE(RIGHT(Tabla17[[#This Row],[B2B]],6)),"") -> 3498 | CV18: =+IFERROR(VLOOKUP(CT18,Auxiliar!$A:$C,2,0),"") -> PREMIUM | CW18: =+IFERROR(VLOOKUP(CT18,Auxiliar!$A:$C,3,0),"") -> 0b 0% | 5b 2% | 10b 3,5% | 20b 5% | CY18: 289 | CZ18: AO, PAT y SA - K+T | DA18: =+IFERROR(VALUE(RIGHT(Tabla18[[#This Row],[B2B]],6)),"") -> 289 | DB18: =+IFERROR(VLOOKUP(CZ18,Auxiliar!$A:$C,2,0),"") -> PREMIUM | DC18: =+IFERROR(VLOOKUP(CZ18,Auxiliar!$A:$C,3,0),"") -> 0b 0% | 2b 2% | 5b 3,5% | 10b 5% | DE18: 289 | DF18: MICHELOB | DG18: =+IFERROR(VALUE(RIGHT(Tabla19[[#This Row],[B2B]],6)),"") -> 289 | DH18: =+IFERROR(VLOOKUP(DF18,Auxiliar!$A:$C,2,0),"") -> MICHELOB | DI18: =+IFERROR(VLOOKUP(DF18,Auxiliar!$A:$C,3,0),"") -> 1b 7% | 3b 22% | 8b 27% | DK18: 3474 | DL18: CORONA PORRON AS | DM18: =+IFERROR(VALUE(RIGHT(Tabla20[[#This Row],[B2B]],6)),"") -> 3474 | DN18: =+IFERROR(VLOOKUP(DL18,Auxiliar!$A:$C,2,0),"") -> CORONA PORRON | DO18: =+IFERROR(VLOOKUP(DL18,Auxiliar!$A:$C,3,0),"") -> 3b 5% | 42b 0% | DQ18: 289 | DR18: CORONA PORRON KT | DS18: =+IFERROR(VALUE(RIGHT(Tabla21[[#This Row],[B2B]],6)),"") -> 289 | DT18: =+IFERROR(VLOOKUP(DR18,Auxiliar!$A:$C,2,0),"") -> CORONA PORRON | DU18: =+IFERROR(VLOOKUP(DR18,Auxiliar!$A:$C,3,0),"") -> 1b 5% | 20b 0% | DW18: 5567 | DX18: 1890 LATA KT | DY18: =+IFERROR(VALUE(RIGHT(Tabla22[[#This Row],[B2B]],6)),"") -> 5567 | DZ18: =+IFERROR(VLOOKUP(DX18,Auxiliar!$A:$C,2,0),"") -> VALUE LATA | EA18: =+IFERROR(VLOOKUP(DX18,Auxiliar!$A:$C,3,0),"") -> 1b 15% | 100b 18% | EC18: 5567 | ED18: 1890 LATON | EE18: =+IFERROR(VALUE(RIGHT(Tabla23[[#This Row],[B2B]],6)),"") -> 5567 | EF18: =+IFERROR(VLOOKUP(ED18,Auxiliar!$A:$C,2,0),"") -> VALUE LATON | EG18: =+IFERROR(VLOOKUP(ED18,Auxiliar!$A:$C,3,0),"") -> 1b 10% | 5b 15% | 192b 0% | EI18: 6215 | EJ18: 1890 LATON AS | EK18: =+IFERROR(VALUE(RIGHT(Tabla24[[#This Row],[B2B]],6)),"") -> 6215 | EL18: =+IFERROR(VLOOKUP(EJ18,Auxiliar!$A:$C,2,0),"") -> VALUE LATON | EM18: =+IFERROR(VLOOKUP(EJ18,Auxiliar!$A:$C,3,0),"") -> 3b 10% | 10b 15% | 384b 0% | EQ18: =+IFERROR(VALUE(RIGHT(Tabla25[[#This Row],[B2B]],6)),"") | ER18: =+IFERROR(VLOOKUP(EP18,Auxiliar!$A:$C,2,0),"") | ES18: =+IFERROR(VLOOKUP(EP18,Auxiliar!$A:$C,3,0),"") | EW18: =+IFERROR(VALUE(RIGHT(Tabla26[[#This Row],[B2B]],6)),"") | EX18: =+IFERROR(VLOOKUP(EV18,Auxiliar!$A:$C,2,0),"") | EY18: =+IFERROR(VLOOKUP(EV18,Auxiliar!$A:$C,3,0),"") | EZ18: 10221 | FA18: LLENADO KT 3 | FB18: =+IFERROR(VALUE(RIGHT(Tabla27[[#This Row],[B2B]],6)),"") -> 10221 | FC18: =+IFERROR(VLOOKUP(FA18,Auxiliar!$A:$C,2,0),"") -> CORE 2 | FD18: =+IFERROR(VLOOKUP(FA18,Auxiliar!$A:$C,3,0),"") -> 25b 9% | FG18: =+IFERROR(VALUE(RIGHT(Tabla28[[#This Row],[B2B]],6)),"") | FH18: =+IFERROR(VLOOKUP(FF18,Auxiliar!$A:$C,2,0),"") | FI18: =+IFERROR(VLOOKUP(FF18,Auxiliar!$A:$C,3,0),"") | FL18: =+IFERROR(VALUE(RIGHT(Tabla29[[#This Row],[B2B]],6)),"") | FM18: =+IFERROR(VLOOKUP(FK18,Auxiliar!$A:$C,2,0),"") | FN18: =+IFERROR(VLOOKUP(FK18,Auxiliar!$A:$C,3,0),"") | FQ18: =+IFERROR(VALUE(RIGHT(Tabla30[[#This Row],[B2B]],6)),"") | FR18: =+IFERROR(VLOOKUP(FP18,Auxiliar!$A:$C,2,0),"") | FV18: =+IFERROR(VALUE(RIGHT(Tabla31[[#This Row],[B2B]],6)),"") | FW18: =+IFERROR(VLOOKUP(FU18,Auxiliar!$A:$C,2,0),"") | FX18: =+IFERROR(VLOOKUP(FU18,Auxiliar!$A:$C,3,0),"") | GA18: =+IFERROR(VALUE(RIGHT(Tabla32[[#This Row],[B2B]],6)),"") | GB18: =+IFERROR(VLOOKUP(FZ18,Auxiliar!$A:$C,2,0),"") | GC18: =+IFERROR(VLOOKUP(FZ18,Auxiliar!$A:$C,3,0),"") | GF18: =+IFERROR(VALUE(RIGHT(Tabla33[[#This Row],[B2B]],6)),"") | GG18: =+IFERROR(VLOOKUP(GE18,Auxiliar!$A:$C,2,0),"") | GH18: =+IFERROR(VLOOKUP(GE18,Auxiliar!$A:$C,3,0),"")
A19: 4550 | B19: TIER 1 CORE AS | C19: =+IFERROR(VALUE(RIGHT(Tabla1[[#This Row],[B2B]],6)),"") -> 4550 | D19: =+IFERROR(VLOOKUP(B19,Auxiliar!$A:$C,2,0),"") -> CORE | E19: =+IFERROR(VLOOKUP(B19,Auxiliar!$A:$C,3,0),"") -> 0b 1% | 5b 4% | 10b 5% | 15b 6% | 25b 9% | G19: 11785 | H19: TIER 2 CORE AS | I19: =+IFERROR(VALUE(RIGHT(Tabla2[[#This Row],[B2B]],6)),"") -> 11785 | J19: =+IFERROR(VLOOKUP(H19,Auxiliar!$A:$C,2,0),"") -> CORE | K19: =+IFERROR(VLOOKUP(H19,Auxiliar!$A:$C,3,0),"") -> 0b 1% | 15b 4% | 40b 5% | 60b 9% | S19: 392 | T19: TIER 1 CORE KT | U19: =+IFERROR(VALUE(RIGHT(Tabla4[[#This Row],[B2B]],6)),"") -> 392 | V19: =+IFERROR(VLOOKUP(T19,Auxiliar!$A:$C,2,0),"") -> CORE | W19: =+IFERROR(VLOOKUP(T19,Auxiliar!$A:$C,3,0),"") -> 0b 1% | 2b 5% | 4b 6% | Y19: 1226 | Z19: TIER 2 CORE KT | AA19: =+IFERROR(VALUE(RIGHT(Tabla5[[#This Row],[B2B]],6)),"") -> 1226 | AB19: =+IFERROR(VLOOKUP(Z19,Auxiliar!$A:$C,2,0),"") -> CORE | AC19: =+IFERROR(VLOOKUP(Z19,Auxiliar!$A:$C,3,0),"") -> 0b 1% | 3b 4% | 5b 6% | AE19: 1357 | AF19: TIER 3 CORE KT | AG19: =+IFERROR(VALUE(RIGHT(Tabla6[[#This Row],[B2B]],6)),"") -> 1357 | AH19: =+IFERROR(VLOOKUP(AF19,Auxiliar!$A:$C,2,0),"") -> CORE | AI19: =+IFERROR(VLOOKUP(AF19,Auxiliar!$A:$C,3,0),"") -> 0b 1% | 6b 5% | 10b 6% | AK19: 369 | AL19: LATONES KT 1 | AM19: =+IFERROR(VALUE(RIGHT(Tabla7[[#This Row],[B2B]],6)),"") -> 369 | AN19: =+IFERROR(VLOOKUP(AL19,Auxiliar!$A:$C,2,0),"") -> LATONES | AO19: =+IFERROR(VLOOKUP(AL19,Auxiliar!$A:$C,3,0),"") -> 1b 4% | 5b 7% | 97b 0% | AQ19: 1036 | AR19: LATONES KT 2 | AS19: =+IFERROR(VALUE(RIGHT(Tabla8[[#This Row],[B2B]],6)),"") -> 1036 | AT19: =+IFERROR(VLOOKUP(AR19,Auxiliar!$A:$C,2,0),"") -> LATONES | AU19: =+IFERROR(VLOOKUP(AR19,Auxiliar!$A:$C,3,0),"") -> 2b 3% | 4b 5% | 5b 8% | 193 0% | AW19: 6406 | AX19: LATONES AS 1 | AY19: =+IFERROR(VALUE(RIGHT(Tabla9[[#This Row],[B2B]],6)),"") -> 6406 | AZ19: =+IFERROR(VLOOKUP(AX19,Auxiliar!$A:$C,2,0),"") -> LATONES | BA19: =+IFERROR(VLOOKUP(AX19,Auxiliar!$A:$C,3,0),"") -> 2b 3% | 4b 4% | 6b 5% | 10b 8% | 385b 0% | BC19: 4328 | BD19: LATONES AS 2 | BE19: =+IFERROR(VALUE(RIGHT(Tabla10[[#This Row],[B2B]],6)),"") -> 4328 | BF19: =+IFERROR(VLOOKUP(BD19,Auxiliar!$A:$C,2,0),"") -> LATONES | BG19: =+IFERROR(VLOOKUP(BD19,Auxiliar!$A:$C,3,0),"") -> 6b 4% | 12b 5% | 15b 8% | 385b 0% | BI19: 4982 | BJ19: 1890 LITRO AS | BK19: =+IFERROR(VALUE(RIGHT(Tabla11[[#This Row],[B2B]],6)),"") -> 4982 | BL19: =+IFERROR(VLOOKUP(BJ19,Auxiliar!$A:$C,2,0),"") -> VALUE LITRO | BM19: =+IFERROR(VLOOKUP(BJ19,Auxiliar!$A:$C,3,0),"") -> 3b 12% | BO19: 3924 | BP19: 1890 LITRO KT | BQ19: =+IFERROR(VALUE(RIGHT(Tabla12[[#This Row],[B2B]],6)),"") -> 3924 | BR19: =+IFERROR(VLOOKUP(BP19,Auxiliar!$A:$C,2,0),"") -> VALUE LITRO | BS19: =+IFERROR(VLOOKUP(BP19,Auxiliar!$A:$C,3,0),"") -> 1b 12% | BU19: 3498 | BV19: CORONA 710 AS | BW19: =+IFERROR(VALUE(RIGHT(Tabla13[[#This Row],[B2B]],6)),"") -> 3498 | BX19: =+IFERROR(VLOOKUP(BV19,Auxiliar!$A:$C,2,0),"") -> Corona 710cc | BY19: =+IFERROR(VLOOKUP(BV19,Auxiliar!$A:$C,3,0),"") -> 3b 10% | 169b 0% | CA19: 294 | CB19: CORONA 710 KT | CC19: =+IFERROR(VALUE(RIGHT(Tabla14[[#This Row],[B2B]],6)),"") -> 294 | CD19: =+IFERROR(VLOOKUP(CB19,Auxiliar!$A:$C,2,0),"") -> Corona 710cc | CE19: =+IFERROR(VLOOKUP(CB19,Auxiliar!$A:$C,3,0),"") -> 1b 10% | 85b 0% | CG19: 4982 | CH19: 1890 LATA AS | CI19: =+IFERROR(VALUE(RIGHT(Tabla15[[#This Row],[B2B]],6)),"") -> 4982 | CJ19: =+IFERROR(VLOOKUP(CH19,Auxiliar!$A:$C,2,0),"") -> VALUE LATA | CK19: =+IFERROR(VLOOKUP(CH19,Auxiliar!$A:$C,3,0),"") -> 3b 15% | 100b 18% | CM19: 294 | CN19: SIN ALCOHOL | CO19: 294 | CP19: SIN ALCOHOL | CQ19: 0b 0% | CS19: 3658 | CT19: AO, PAT y SA - AS | CU19: =+IFERROR(VALUE(RIGHT(Tabla17[[#This Row],[B2B]],6)),"") -> 3658 | CV19: =+IFERROR(VLOOKUP(CT19,Auxiliar!$A:$C,2,0),"") -> PREMIUM | CW19: =+IFERROR(VLOOKUP(CT19,Auxiliar!$A:$C,3,0),"") -> 0b 0% | 5b 2% | 10b 3,5% | 20b 5% | CY19: 294 | CZ19: AO, PAT y SA - K+T | DA19: =+IFERROR(VALUE(RIGHT(Tabla18[[#This Row],[B2B]],6)),"") -> 294 | DB19: =+IFERROR(VLOOKUP(CZ19,Auxiliar!$A:$C,2,0),"") -> PREMIUM | DC19: =+IFERROR(VLOOKUP(CZ19,Auxiliar!$A:$C,3,0),"") -> 0b 0% | 2b 2% | 5b 3,5% | 10b 5% | DE19: 294 | DF19: MICHELOB | DG19: =+IFERROR(VALUE(RIGHT(Tabla19[[#This Row],[B2B]],6)),"") -> 294 | DH19: =+IFERROR(VLOOKUP(DF19,Auxiliar!$A:$C,2,0),"") -> MICHELOB | DI19: =+IFERROR(VLOOKUP(DF19,Auxiliar!$A:$C,3,0),"") -> 1b 7% | 3b 22% | 8b 27% | DK19: 3498 | DL19: CORONA PORRON AS | DM19: =+IFERROR(VALUE(RIGHT(Tabla20[[#This Row],[B2B]],6)),"") -> 3498 | DN19: =+IFERROR(VLOOKUP(DL19,Auxiliar!$A:$C,2,0),"") -> CORONA PORRON | DO19: =+IFERROR(VLOOKUP(DL19,Auxiliar!$A:$C,3,0),"") -> 3b 5% | 42b 0% | DQ19: 294 | DR19: CORONA PORRON KT | DS19: =+IFERROR(VALUE(RIGHT(Tabla21[[#This Row],[B2B]],6)),"") -> 294 | DT19: =+IFERROR(VLOOKUP(DR19,Auxiliar!$A:$C,2,0),"") -> CORONA PORRON | DU19: =+IFERROR(VLOOKUP(DR19,Auxiliar!$A:$C,3,0),"") -> 1b 5% | 20b 0% | DW19: 3924 | DX19: 1890 LATA KT | DY19: =+IFERROR(VALUE(RIGHT(Tabla22[[#This Row],[B2B]],6)),"") -> 3924 | DZ19: =+IFERROR(VLOOKUP(DX19,Auxiliar!$A:$C,2,0),"") -> VALUE LATA | EA19: =+IFERROR(VLOOKUP(DX19,Auxiliar!$A:$C,3,0),"") -> 1b 15% | 100b 18% | EC19: 3924 | ED19: 1890 LATON | EE19: =+IFERROR(VALUE(RIGHT(Tabla23[[#This Row],[B2B]],6)),"") -> 3924 | EF19: =+IFERROR(VLOOKUP(ED19,Auxiliar!$A:$C,2,0),"") -> VALUE LATON | EG19: =+IFERROR(VLOOKUP(ED19,Auxiliar!$A:$C,3,0),"") -> 1b 10% | 5b 15% | 192b 0% | EI19: 6218 | EJ19: 1890 LATON AS | EK19: =+IFERROR(VALUE(RIGHT(Tabla24[[#This Row],[B2B]],6)),"") -> 6218 | EL19: =+IFERROR(VLOOKUP(EJ19,Auxiliar!$A:$C,2,0),"") -> VALUE LATON | EM19: =+IFERROR(VLOOKUP(EJ19,Auxiliar!$A:$C,3,0),"") -> 3b 10% | 10b 15% | 384b 0% | EQ19: =+IFERROR(VALUE(RIGHT(Tabla25[[#This Row],[B2B]],6)),"") | ER19: =+IFERROR(VLOOKUP(EP19,Auxiliar!$A:$C,2,0),"") | ES19: =+IFERROR(VLOOKUP(EP19,Auxiliar!$A:$C,3,0),"") | EW19: =+IFERROR(VALUE(RIGHT(Tabla26[[#This Row],[B2B]],6)),"") | EX19: =+IFERROR(VLOOKUP(EV19,Auxiliar!$A:$C,2,0),"") | EY19: =+IFERROR(VLOOKUP(EV19,Auxiliar!$A:$C,3,0),"") | EZ19: 11478 | FA19: LLENADO KT 3 | FB19: =+IFERROR(VALUE(RIGHT(Tabla27[[#This Row],[B2B]],6)),"") -> 11478 | FC19: =+IFERROR(VLOOKUP(FA19,Auxiliar!$A:$C,2,0),"") -> CORE 2 | FD19: =+IFERROR(VLOOKUP(FA19,Auxiliar!$A:$C,3,0),"") -> 25b 9% | FG19: =+IFERROR(VALUE(RIGHT(Tabla28[[#This Row],[B2B]],6)),"") | FH19: =+IFERROR(VLOOKUP(FF19,Auxiliar!$A:$C,2,0),"") | FI19: =+IFERROR(VLOOKUP(FF19,Auxiliar!$A:$C,3,0),"") | FL19: =+IFERROR(VALUE(RIGHT(Tabla29[[#This Row],[B2B]],6)),"") | FM19: =+IFERROR(VLOOKUP(FK19,Auxiliar!$A:$C,2,0),"") | FN19: =+IFERROR(VLOOKUP(FK19,Auxiliar!$A:$C,3,0),"") | FQ19: =+IFERROR(VALUE(RIGHT(Tabla30[[#This Row],[B2B]],6)),"") | FR19: =+IFERROR(VLOOKUP(FP19,Auxiliar!$A:$C,2,0),"") | FV19: =+IFERROR(VALUE(RIGHT(Tabla31[[#This Row],[B2B]],6)),"") | FW19: =+IFERROR(VLOOKUP(FU19,Auxiliar!$A:$C,2,0),"") | FX19: =+IFERROR(VLOOKUP(FU19,Auxiliar!$A:$C,3,0),"") | GA19: =+IFERROR(VALUE(RIGHT(Tabla32[[#This Row],[B2B]],6)),"") | GB19: =+IFERROR(VLOOKUP(FZ19,Auxiliar!$A:$C,2,0),"") | GC19: =+IFERROR(VLOOKUP(FZ19,Auxiliar!$A:$C,3,0),"") | GF19: =+IFERROR(VALUE(RIGHT(Tabla33[[#This Row],[B2B]],6)),"") | GG19: =+IFERROR(VLOOKUP(GE19,Auxiliar!$A:$C,2,0),"") | GH19: =+IFERROR(VLOOKUP(GE19,Auxiliar!$A:$C,3,0),"")
A20: 4727 | B20: TIER 1 CORE AS | C20: =+IFERROR(VALUE(RIGHT(Tabla1[[#This Row],[B2B]],6)),"") -> 4727 | D20: =+IFERROR(VLOOKUP(B20,Auxiliar!$A:$C,2,0),"") -> CORE | E20: =+IFERROR(VLOOKUP(B20,Auxiliar!$A:$C,3,0),"") -> 0b 1% | 5b 4% | 10b 5% | 15b 6% | 25b 9% | G20: 20021 | H20: TIER 2 CORE AS | I20: =+IFERROR(VALUE(RIGHT(Tabla2[[#This Row],[B2B]],6)),"") -> 20021 | J20: =+IFERROR(VLOOKUP(H20,Auxiliar!$A:$C,2,0),"") -> CORE | K20: =+IFERROR(VLOOKUP(H20,Auxiliar!$A:$C,3,0),"") -> 0b 1% | 15b 4% | 40b 5% | 60b 9% | S20: 428 | T20: TIER 1 CORE KT | U20: =+IFERROR(VALUE(RIGHT(Tabla4[[#This Row],[B2B]],6)),"") -> 428 | V20: =+IFERROR(VLOOKUP(T20,Auxiliar!$A:$C,2,0),"") -> CORE | W20: =+IFERROR(VLOOKUP(T20,Auxiliar!$A:$C,3,0),"") -> 0b 1% | 2b 5% | 4b 6% | Y20: 1238 | Z20: TIER 2 CORE KT | AA20: =+IFERROR(VALUE(RIGHT(Tabla5[[#This Row],[B2B]],6)),"") -> 1238 | AB20: =+IFERROR(VLOOKUP(Z20,Auxiliar!$A:$C,2,0),"") -> CORE | AC20: =+IFERROR(VLOOKUP(Z20,Auxiliar!$A:$C,3,0),"") -> 0b 1% | 3b 4% | 5b 6% | AE20: 1382 | AF20: TIER 3 CORE KT | AG20: =+IFERROR(VALUE(RIGHT(Tabla6[[#This Row],[B2B]],6)),"") -> 1382 | AH20: =+IFERROR(VLOOKUP(AF20,Auxiliar!$A:$C,2,0),"") -> CORE | AI20: =+IFERROR(VLOOKUP(AF20,Auxiliar!$A:$C,3,0),"") -> 0b 1% | 6b 5% | 10b 6% | AK20: 381 | AL20: LATONES KT 1 | AM20: =+IFERROR(VALUE(RIGHT(Tabla7[[#This Row],[B2B]],6)),"") -> 381 | AN20: =+IFERROR(VLOOKUP(AL20,Auxiliar!$A:$C,2,0),"") -> LATONES | AO20: =+IFERROR(VLOOKUP(AL20,Auxiliar!$A:$C,3,0),"") -> 1b 4% | 5b 7% | 97b 0% | AQ20: 1048 | AR20: LATONES KT 2 | AS20: =+IFERROR(VALUE(RIGHT(Tabla8[[#This Row],[B2B]],6)),"") -> 1048 | AT20: =+IFERROR(VLOOKUP(AR20,Auxiliar!$A:$C,2,0),"") -> LATONES | AU20: =+IFERROR(VLOOKUP(AR20,Auxiliar!$A:$C,3,0),"") -> 2b 3% | 4b 5% | 5b 8% | 193 0% | AW20: 6438 | AX20: LATONES AS 1 | AY20: =+IFERROR(VALUE(RIGHT(Tabla9[[#This Row],[B2B]],6)),"") -> 6438 | AZ20: =+IFERROR(VLOOKUP(AX20,Auxiliar!$A:$C,2,0),"") -> LATONES | BA20: =+IFERROR(VLOOKUP(AX20,Auxiliar!$A:$C,3,0),"") -> 2b 3% | 4b 4% | 6b 5% | 10b 8% | 385b 0% | BC20: 4400 | BD20: LATONES AS 2 | BE20: =+IFERROR(VALUE(RIGHT(Tabla10[[#This Row],[B2B]],6)),"") -> 4400 | BF20: =+IFERROR(VLOOKUP(BD20,Auxiliar!$A:$C,2,0),"") -> LATONES | BG20: =+IFERROR(VLOOKUP(BD20,Auxiliar!$A:$C,3,0),"") -> 6b 4% | 12b 5% | 15b 8% | 385b 0% | BI20: 5041 | BJ20: 1890 LITRO AS | BK20: =+IFERROR(VALUE(RIGHT(Tabla11[[#This Row],[B2B]],6)),"") -> 5041 | BL20: =+IFERROR(VLOOKUP(BJ20,Auxiliar!$A:$C,2,0),"") -> VALUE LITRO | BM20: =+IFERROR(VLOOKUP(BJ20,Auxiliar!$A:$C,3,0),"") -> 3b 12% | BO20: 5570 | BP20: 1890 LITRO KT | BQ20: =+IFERROR(VALUE(RIGHT(Tabla12[[#This Row],[B2B]],6)),"") -> 5570 | BR20: =+IFERROR(VLOOKUP(BP20,Auxiliar!$A:$C,2,0),"") -> VALUE LITRO | BS20: =+IFERROR(VLOOKUP(BP20,Auxiliar!$A:$C,3,0),"") -> 1b 12% | BU20: 3658 | BV20: CORONA 710 AS | BW20: =+IFERROR(VALUE(RIGHT(Tabla13[[#This Row],[B2B]],6)),"") -> 3658 | BX20: =+IFERROR(VLOOKUP(BV20,Auxiliar!$A:$C,2,0),"") -> Corona 710cc | BY20: =+IFERROR(VLOOKUP(BV20,Auxiliar!$A:$C,3,0),"") -> 3b 10% | 169b 0% | CA20: 311 | CB20: CORONA 710 KT | CC20: =+IFERROR(VALUE(RIGHT(Tabla14[[#This Row],[B2B]],6)),"") -> 311 | CD20: =+IFERROR(VLOOKUP(CB20,Auxiliar!$A:$C,2,0),"") -> Corona 710cc | CE20: =+IFERROR(VLOOKUP(CB20,Auxiliar!$A:$C,3,0),"") -> 1b 10% | 85b 0% | CG20: 5041 | CH20: 1890 LATA AS | CI20: =+IFERROR(VALUE(RIGHT(Tabla15[[#This Row],[B2B]],6)),"") -> 5041 | CJ20: =+IFERROR(VLOOKUP(CH20,Auxiliar!$A:$C,2,0),"") -> VALUE LATA | CK20: =+IFERROR(VLOOKUP(CH20,Auxiliar!$A:$C,3,0),"") -> 3b 15% | 100b 18% | CM20: 311 | CN20: SIN ALCOHOL | CO20: 311 | CP20: SIN ALCOHOL | CQ20: 0b 0% | CS20: 3850 | CT20: AO, PAT y SA - AS | CU20: =+IFERROR(VALUE(RIGHT(Tabla17[[#This Row],[B2B]],6)),"") -> 3850 | CV20: =+IFERROR(VLOOKUP(CT20,Auxiliar!$A:$C,2,0),"") -> PREMIUM | CW20: =+IFERROR(VLOOKUP(CT20,Auxiliar!$A:$C,3,0),"") -> 0b 0% | 5b 2% | 10b 3,5% | 20b 5% | CY20: 311 | CZ20: AO, PAT y SA - K+T | DA20: =+IFERROR(VALUE(RIGHT(Tabla18[[#This Row],[B2B]],6)),"") -> 311 | DB20: =+IFERROR(VLOOKUP(CZ20,Auxiliar!$A:$C,2,0),"") -> PREMIUM | DC20: =+IFERROR(VLOOKUP(CZ20,Auxiliar!$A:$C,3,0),"") -> 0b 0% | 2b 2% | 5b 3,5% | 10b 5% | DE20: 311 | DF20: MICHELOB | DG20: =+IFERROR(VALUE(RIGHT(Tabla19[[#This Row],[B2B]],6)),"") -> 311 | DH20: =+IFERROR(VLOOKUP(DF20,Auxiliar!$A:$C,2,0),"") -> MICHELOB | DI20: =+IFERROR(VLOOKUP(DF20,Auxiliar!$A:$C,3,0),"") -> 1b 7% | 3b 22% | 8b 27% | DK20: 3658 | DL20: CORONA PORRON AS | DM20: =+IFERROR(VALUE(RIGHT(Tabla20[[#This Row],[B2B]],6)),"") -> 3658 | DN20: =+IFERROR(VLOOKUP(DL20,Auxiliar!$A:$C,2,0),"") -> CORONA PORRON | DO20: =+IFERROR(VLOOKUP(DL20,Auxiliar!$A:$C,3,0),"") -> 3b 5% | 42b 0% | DQ20: 311 | DR20: CORONA PORRON KT | DS20: =+IFERROR(VALUE(RIGHT(Tabla21[[#This Row],[B2B]],6)),"") -> 311 | DT20: =+IFERROR(VLOOKUP(DR20,Auxiliar!$A:$C,2,0),"") -> CORONA PORRON | DU20: =+IFERROR(VLOOKUP(DR20,Auxiliar!$A:$C,3,0),"") -> 1b 5% | 20b 0% | DW20: 5570 | DX20: 1890 LATA KT | DY20: =+IFERROR(VALUE(RIGHT(Tabla22[[#This Row],[B2B]],6)),"") -> 5570 | DZ20: =+IFERROR(VLOOKUP(DX20,Auxiliar!$A:$C,2,0),"") -> VALUE LATA | EA20: =+IFERROR(VLOOKUP(DX20,Auxiliar!$A:$C,3,0),"") -> 1b 15% | 100b 18% | EC20: 5570 | ED20: 1890 LATON | EE20: =+IFERROR(VALUE(RIGHT(Tabla23[[#This Row],[B2B]],6)),"") -> 5570 | EF20: =+IFERROR(VLOOKUP(ED20,Auxiliar!$A:$C,2,0),"") -> VALUE LATON | EG20: =+IFERROR(VLOOKUP(ED20,Auxiliar!$A:$C,3,0),"") -> 1b 10% | 5b 15% | 192b 0% | EI20: 6221 | EJ20: 1890 LATON AS | EK20: =+IFERROR(VALUE(RIGHT(Tabla24[[#This Row],[B2B]],6)),"") -> 6221 | EL20: =+IFERROR(VLOOKUP(EJ20,Auxiliar!$A:$C,2,0),"") -> VALUE LATON | EM20: =+IFERROR(VLOOKUP(EJ20,Auxiliar!$A:$C,3,0),"") -> 3b 10% | 10b 15% | 384b 0% | EQ20: =+IFERROR(VALUE(RIGHT(Tabla25[[#This Row],[B2B]],6)),"") | ER20: =+IFERROR(VLOOKUP(EP20,Auxiliar!$A:$C,2,0),"") | ES20: =+IFERROR(VLOOKUP(EP20,Auxiliar!$A:$C,3,0),"") | EW20: =+IFERROR(VALUE(RIGHT(Tabla26[[#This Row],[B2B]],6)),"") | EX20: =+IFERROR(VLOOKUP(EV20,Auxiliar!$A:$C,2,0),"") | EY20: =+IFERROR(VLOOKUP(EV20,Auxiliar!$A:$C,3,0),"") | EZ20: 11532 | FA20: LLENADO KT 3 | FB20: =+IFERROR(VALUE(RIGHT(Tabla27[[#This Row],[B2B]],6)),"") -> 11532 | FC20: =+IFERROR(VLOOKUP(FA20,Auxiliar!$A:$C,2,0),"") -> CORE 2 | FD20: =+IFERROR(VLOOKUP(FA20,Auxiliar!$A:$C,3,0),"") -> 25b 9% | FG20: =+IFERROR(VALUE(RIGHT(Tabla28[[#This Row],[B2B]],6)),"") | FH20: =+IFERROR(VLOOKUP(FF20,Auxiliar!$A:$C,2,0),"") | FI20: =+IFERROR(VLOOKUP(FF20,Auxiliar!$A:$C,3,0),"") | FL20: =+IFERROR(VALUE(RIGHT(Tabla29[[#This Row],[B2B]],6)),"") | FM20: =+IFERROR(VLOOKUP(FK20,Auxiliar!$A:$C,2,0),"") | FN20: =+IFERROR(VLOOKUP(FK20,Auxiliar!$A:$C,3,0),"") | FQ20: =+IFERROR(VALUE(RIGHT(Tabla30[[#This Row],[B2B]],6)),"") | FR20: =+IFERROR(VLOOKUP(FP20,Auxiliar!$A:$C,2,0),"") | FV20: =+IFERROR(VALUE(RIGHT(Tabla31[[#This Row],[B2B]],6)),"") | FW20: =+IFERROR(VLOOKUP(FU20,Auxiliar!$A:$C,2,0),"") | FX20: =+IFERROR(VLOOKUP(FU20,Auxiliar!$A:$C,3,0),"") | GA20: =+IFERROR(VALUE(RIGHT(Tabla32[[#This Row],[B2B]],6)),"") | GB20: =+IFERROR(VLOOKUP(FZ20,Auxiliar!$A:$C,2,0),"") | GC20: =+IFERROR(VLOOKUP(FZ20,Auxiliar!$A:$C,3,0),"") | GF20: =+IFERROR(VALUE(RIGHT(Tabla33[[#This Row],[B2B]],6)),"") | GG20: =+IFERROR(VLOOKUP(GE20,Auxiliar!$A:$C,2,0),"") | GH20: =+IFERROR(VLOOKUP(GE20,Auxiliar!$A:$C,3,0),"")
A21: 4982 | B21: TIER 1 CORE AS | C21: =+IFERROR(VALUE(RIGHT(Tabla1[[#This Row],[B2B]],6)),"") -> 4982 | D21: =+IFERROR(VLOOKUP(B21,Auxiliar!$A:$C,2,0),"") -> CORE | E21: =+IFERROR(VLOOKUP(B21,Auxiliar!$A:$C,3,0),"") -> 0b 1% | 5b 4% | 10b 5% | 15b 6% | 25b 9% | G21: 20048 | H21: TIER 2 CORE AS | I21: =+IFERROR(VALUE(RIGHT(Tabla2[[#This Row],[B2B]],6)),"") -> 20048 | J21: =+IFERROR(VLOOKUP(H21,Auxiliar!$A:$C,2,0),"") -> CORE | K21: =+IFERROR(VLOOKUP(H21,Auxiliar!$A:$C,3,0),"") -> 0b 1% | 15b 4% | 40b 5% | 60b 9% | S21: 462 | T21: TIER 1 CORE KT | U21: =+IFERROR(VALUE(RIGHT(Tabla4[[#This Row],[B2B]],6)),"") -> 462 | V21: =+IFERROR(VLOOKUP(T21,Auxiliar!$A:$C,2,0),"") -> CORE | W21: =+IFERROR(VLOOKUP(T21,Auxiliar!$A:$C,3,0),"") -> 0b 1% | 2b 5% | 4b 6% | Y21: 1279 | Z21: TIER 2 CORE KT | AA21: =+IFERROR(VALUE(RIGHT(Tabla5[[#This Row],[B2B]],6)),"") -> 1279 | AB21: =+IFERROR(VLOOKUP(Z21,Auxiliar!$A:$C,2,0),"") -> CORE | AC21: =+IFERROR(VLOOKUP(Z21,Auxiliar!$A:$C,3,0),"") -> 0b 1% | 3b 4% | 5b 6% | AE21: 1407 | AF21: TIER 3 CORE KT | AG21: =+IFERROR(VALUE(RIGHT(Tabla6[[#This Row],[B2B]],6)),"") -> 1407 | AH21: =+IFERROR(VLOOKUP(AF21,Auxiliar!$A:$C,2,0),"") -> CORE | AI21: =+IFERROR(VLOOKUP(AF21,Auxiliar!$A:$C,3,0),"") -> 0b 1% | 6b 5% | 10b 6% | AK21: 392 | AL21: LATONES KT 1 | AM21: =+IFERROR(VALUE(RIGHT(Tabla7[[#This Row],[B2B]],6)),"") -> 392 | AN21: =+IFERROR(VLOOKUP(AL21,Auxiliar!$A:$C,2,0),"") -> LATONES | AO21: =+IFERROR(VLOOKUP(AL21,Auxiliar!$A:$C,3,0),"") -> 1b 4% | 5b 7% | 97b 0% | AQ21: 1140 | AR21: LATONES KT 2 | AS21: =+IFERROR(VALUE(RIGHT(Tabla8[[#This Row],[B2B]],6)),"") -> 1140 | AT21: =+IFERROR(VLOOKUP(AR21,Auxiliar!$A:$C,2,0),"") -> LATONES | AU21: =+IFERROR(VLOOKUP(AR21,Auxiliar!$A:$C,3,0),"") -> 2b 3% | 4b 5% | 5b 8% | 193 0% | AW21: 10544 | AX21: LATONES AS 1 | AY21: =+IFERROR(VALUE(RIGHT(Tabla9[[#This Row],[B2B]],6)),"") -> 10544 | AZ21: =+IFERROR(VLOOKUP(AX21,Auxiliar!$A:$C,2,0),"") -> LATONES | BA21: =+IFERROR(VLOOKUP(AX21,Auxiliar!$A:$C,3,0),"") -> 2b 3% | 4b 4% | 6b 5% | 10b 8% | 385b 0% | BC21: 4488 | BD21: LATONES AS 2 | BE21: =+IFERROR(VALUE(RIGHT(Tabla10[[#This Row],[B2B]],6)),"") -> 4488 | BF21: =+IFERROR(VLOOKUP(BD21,Auxiliar!$A:$C,2,0),"") -> LATONES | BG21: =+IFERROR(VLOOKUP(BD21,Auxiliar!$A:$C,3,0),"") -> 6b 4% | 12b 5% | 15b 8% | 385b 0% | BI21: 6129 | BJ21: 1890 LITRO AS | BK21: =+IFERROR(VALUE(RIGHT(Tabla11[[#This Row],[B2B]],6)),"") -> 6129 | BL21: =+IFERROR(VLOOKUP(BJ21,Auxiliar!$A:$C,2,0),"") -> VALUE LITRO | BM21: =+IFERROR(VLOOKUP(BJ21,Auxiliar!$A:$C,3,0),"") -> 3b 12% | BO21: 5571 | BP21: 1890 LITRO KT | BQ21: =+IFERROR(VALUE(RIGHT(Tabla12[[#This Row],[B2B]],6)),"") -> 5571 | BR21: =+IFERROR(VLOOKUP(BP21,Auxiliar!$A:$C,2,0),"") -> VALUE LITRO | BS21: =+IFERROR(VLOOKUP(BP21,Auxiliar!$A:$C,3,0),"") -> 1b 12% | BU21: 3850 | BV21: CORONA 710 AS | BW21: =+IFERROR(VALUE(RIGHT(Tabla13[[#This Row],[B2B]],6)),"") -> 3850 | BX21: =+IFERROR(VLOOKUP(BV21,Auxiliar!$A:$C,2,0),"") -> Corona 710cc | BY21: =+IFERROR(VLOOKUP(BV21,Auxiliar!$A:$C,3,0),"") -> 3b 10% | 169b 0% | CA21: 312 | CB21: CORONA 710 KT | CC21: =+IFERROR(VALUE(RIGHT(Tabla14[[#This Row],[B2B]],6)),"") -> 312 | CD21: =+IFERROR(VLOOKUP(CB21,Auxiliar!$A:$C,2,0),"") -> Corona 710cc | CE21: =+IFERROR(VLOOKUP(CB21,Auxiliar!$A:$C,3,0),"") -> 1b 10% | 85b 0% | CG21: 6129 | CH21: 1890 LATA AS | CI21: =+IFERROR(VALUE(RIGHT(Tabla15[[#This Row],[B2B]],6)),"") -> 6129 | CJ21: =+IFERROR(VLOOKUP(CH21,Auxiliar!$A:$C,2,0),"") -> VALUE LATA | CK21: =+IFERROR(VLOOKUP(CH21,Auxiliar!$A:$C,3,0),"") -> 3b 15% | 100b 18% | CM21: 312 | CN21: SIN ALCOHOL | CO21: 312 | CP21: SIN ALCOHOL | CQ21: 0b 0% | CS21: 3859 | CT21: AO, PAT y SA - AS | CU21: =+IFERROR(VALUE(RIGHT(Tabla17[[#This Row],[B2B]],6)),"") -> 3859 | CV21: =+IFERROR(VLOOKUP(CT21,Auxiliar!$A:$C,2,0),"") -> PREMIUM | CW21: =+IFERROR(VLOOKUP(CT21,Auxiliar!$A:$C,3,0),"") -> 0b 0% | 5b 2% | 10b 3,5% | 20b 5% | CY21: 312 | CZ21: AO, PAT y SA - K+T | DA21: =+IFERROR(VALUE(RIGHT(Tabla18[[#This Row],[B2B]],6)),"") -> 312 | DB21: =+IFERROR(VLOOKUP(CZ21,Auxiliar!$A:$C,2,0),"") -> PREMIUM | DC21: =+IFERROR(VLOOKUP(CZ21,Auxiliar!$A:$C,3,0),"") -> 0b 0% | 2b 2% | 5b 3,5% | 10b 5% | DE21: 312 | DF21: MICHELOB | DG21: =+IFERROR(VALUE(RIGHT(Tabla19[[#This Row],[B2B]],6)),"") -> 312 | DH21: =+IFERROR(VLOOKUP(DF21,Auxiliar!$A:$C,2,0),"") -> MICHELOB | DI21: =+IFERROR(VLOOKUP(DF21,Auxiliar!$A:$C,3,0),"") -> 1b 7% | 3b 22% | 8b 27% | DK21: 3850 | DL21: CORONA PORRON AS | DM21: =+IFERROR(VALUE(RIGHT(Tabla20[[#This Row],[B2B]],6)),"") -> 3850 | DN21: =+IFERROR(VLOOKUP(DL21,Auxiliar!$A:$C,2,0),"") -> CORONA PORRON | DO21: =+IFERROR(VLOOKUP(DL21,Auxiliar!$A:$C,3,0),"") -> 3b 5% | 42b 0% | DQ21: 312 | DR21: CORONA PORRON KT | DS21: =+IFERROR(VALUE(RIGHT(Tabla21[[#This Row],[B2B]],6)),"") -> 312 | DT21: =+IFERROR(VLOOKUP(DR21,Auxiliar!$A:$C,2,0),"") -> CORONA PORRON | DU21: =+IFERROR(VLOOKUP(DR21,Auxiliar!$A:$C,3,0),"") -> 1b 5% | 20b 0% | DW21: 5571 | DX21: 1890 LATA KT | DY21: =+IFERROR(VALUE(RIGHT(Tabla22[[#This Row],[B2B]],6)),"") -> 5571 | DZ21: =+IFERROR(VLOOKUP(DX21,Auxiliar!$A:$C,2,0),"") -> VALUE LATA | EA21: =+IFERROR(VLOOKUP(DX21,Auxiliar!$A:$C,3,0),"") -> 1b 15% | 100b 18% | EC21: 5571 | ED21: 1890 LATON | EE21: =+IFERROR(VALUE(RIGHT(Tabla23[[#This Row],[B2B]],6)),"") -> 5571 | EF21: =+IFERROR(VLOOKUP(ED21,Auxiliar!$A:$C,2,0),"") -> VALUE LATON | EG21: =+IFERROR(VLOOKUP(ED21,Auxiliar!$A:$C,3,0),"") -> 1b 10% | 5b 15% | 192b 0% | EI21: 6311 | EJ21: 1890 LATON AS | EK21: =+IFERROR(VALUE(RIGHT(Tabla24[[#This Row],[B2B]],6)),"") -> 6311 | EL21: =+IFERROR(VLOOKUP(EJ21,Auxiliar!$A:$C,2,0),"") -> VALUE LATON | EM21: =+IFERROR(VLOOKUP(EJ21,Auxiliar!$A:$C,3,0),"") -> 3b 10% | 10b 15% | 384b 0% | EQ21: =+IFERROR(VALUE(RIGHT(Tabla25[[#This Row],[B2B]],6)),"") | ER21: =+IFERROR(VLOOKUP(EP21,Auxiliar!$A:$C,2,0),"") | ES21: =+IFERROR(VLOOKUP(EP21,Auxiliar!$A:$C,3,0),"") | EW21: =+IFERROR(VALUE(RIGHT(Tabla26[[#This Row],[B2B]],6)),"") | EX21: =+IFERROR(VLOOKUP(EV21,Auxiliar!$A:$C,2,0),"") | EY21: =+IFERROR(VLOOKUP(EV21,Auxiliar!$A:$C,3,0),"") | EZ21: 11696 | FA21: LLENADO KT 3 | FB21: =+IFERROR(VALUE(RIGHT(Tabla27[[#This Row],[B2B]],6)),"") -> 11696 | FC21: =+IFERROR(VLOOKUP(FA21,Auxiliar!$A:$C,2,0),"") -> CORE 2 | FD21: =+IFERROR(VLOOKUP(FA21,Auxiliar!$A:$C,3,0),"") -> 25b 9% | FG21: =+IFERROR(VALUE(RIGHT(Tabla28[[#This Row],[B2B]],6)),"") | FH21: =+IFERROR(VLOOKUP(FF21,Auxiliar!$A:$C,2,0),"") | FI21: =+IFERROR(VLOOKUP(FF21,Auxiliar!$A:$C,3,0),"") | FL21: =+IFERROR(VALUE(RIGHT(Tabla29[[#This Row],[B2B]],6)),"") | FM21: =+IFERROR(VLOOKUP(FK21,Auxiliar!$A:$C,2,0),"") | FN21: =+IFERROR(VLOOKUP(FK21,Auxiliar!$A:$C,3,0),"") | FQ21: =+IFERROR(VALUE(RIGHT(Tabla30[[#This Row],[B2B]],6)),"") | FR21: =+IFERROR(VLOOKUP(FP21,Auxiliar!$A:$C,2,0),"") | FV21: =+IFERROR(VALUE(RIGHT(Tabla31[[#This Row],[B2B]],6)),"") | FW21: =+IFERROR(VLOOKUP(FU21,Auxiliar!$A:$C,2,0),"") | FX21: =+IFERROR(VLOOKUP(FU21,Auxiliar!$A:$C,3,0),"") | GA21: =+IFERROR(VALUE(RIGHT(Tabla32[[#This Row],[B2B]],6)),"") | GB21: =+IFERROR(VLOOKUP(FZ21,Auxiliar!$A:$C,2,0),"") | GC21: =+IFERROR(VLOOKUP(FZ21,Auxiliar!$A:$C,3,0),"") | GF21: =+IFERROR(VALUE(RIGHT(Tabla33[[#This Row],[B2B]],6)),"") | GG21: =+IFERROR(VLOOKUP(GE21,Auxiliar!$A:$C,2,0),"") | GH21: =+IFERROR(VLOOKUP(GE21,Auxiliar!$A:$C,3,0),"")
A22: 5038 | B22: TIER 1 CORE AS | C22: =+IFERROR(VALUE(RIGHT(Tabla1[[#This Row],[B2B]],6)),"") -> 5038 | D22: =+IFERROR(VLOOKUP(B22,Auxiliar!$A:$C,2,0),"") -> CORE | E22: =+IFERROR(VLOOKUP(B22,Auxiliar!$A:$C,3,0),"") -> 0b 1% | 5b 4% | 10b 5% | 15b 6% | 25b 9% | S22: 501 | T22: TIER 1 CORE KT | U22: =+IFERROR(VALUE(RIGHT(Tabla4[[#This Row],[B2B]],6)),"") -> 501 | V22: =+IFERROR(VLOOKUP(T22,Auxiliar!$A:$C,2,0),"") -> CORE | W22: =+IFERROR(VLOOKUP(T22,Auxiliar!$A:$C,3,0),"") -> 0b 1% | 2b 5% | 4b 6% | Y22: 1292 | Z22: TIER 2 CORE KT | AA22: =+IFERROR(VALUE(RIGHT(Tabla5[[#This Row],[B2B]],6)),"") -> 1292 | AB22: =+IFERROR(VLOOKUP(Z22,Auxiliar!$A:$C,2,0),"") -> CORE | AC22: =+IFERROR(VLOOKUP(Z22,Auxiliar!$A:$C,3,0),"") -> 0b 1% | 3b 4% | 5b 6% | AE22: 1566 | AF22: TIER 3 CORE KT | AG22: =+IFERROR(VALUE(RIGHT(Tabla6[[#This Row],[B2B]],6)),"") -> 1566 | AH22: =+IFERROR(VLOOKUP(AF22,Auxiliar!$A:$C,2,0),"") -> CORE | AI22: =+IFERROR(VLOOKUP(AF22,Auxiliar!$A:$C,3,0),"") -> 0b 1% | 6b 5% | 10b 6% | AK22: 428 | AL22: LATONES KT 1 | AM22: =+IFERROR(VALUE(RIGHT(Tabla7[[#This Row],[B2B]],6)),"") -> 428 | AN22: =+IFERROR(VLOOKUP(AL22,Auxiliar!$A:$C,2,0),"") -> LATONES | AO22: =+IFERROR(VLOOKUP(AL22,Auxiliar!$A:$C,3,0),"") -> 1b 4% | 5b 7% | 97b 0% | AQ22: 1188 | AR22: LATONES KT 2 | AS22: =+IFERROR(VALUE(RIGHT(Tabla8[[#This Row],[B2B]],6)),"") -> 1188 | AT22: =+IFERROR(VLOOKUP(AR22,Auxiliar!$A:$C,2,0),"") -> LATONES | AU22: =+IFERROR(VLOOKUP(AR22,Auxiliar!$A:$C,3,0),"") -> 2b 3% | 4b 5% | 5b 8% | 193 0% | AW22: 11571 | AX22: LATONES AS 1 | AY22: =+IFERROR(VALUE(RIGHT(Tabla9[[#This Row],[B2B]],6)),"") -> 11571 | AZ22: =+IFERROR(VLOOKUP(AX22,Auxiliar!$A:$C,2,0),"") -> LATONES | BA22: =+IFERROR(VLOOKUP(AX22,Auxiliar!$A:$C,3,0),"") -> 2b 3% | 4b 4% | 6b 5% | 10b 8% | 385b 0% | BC22: 4550 | BD22: LATONES AS 2 | BE22: =+IFERROR(VALUE(RIGHT(Tabla10[[#This Row],[B2B]],6)),"") -> 4550 | BF22: =+IFERROR(VLOOKUP(BD22,Auxiliar!$A:$C,2,0),"") -> LATONES | BG22: =+IFERROR(VLOOKUP(BD22,Auxiliar!$A:$C,3,0),"") -> 6b 4% | 12b 5% | 15b 8% | 385b 0% | BI22: 6215 | BJ22: 1890 LITRO AS | BK22: =+IFERROR(VALUE(RIGHT(Tabla11[[#This Row],[B2B]],6)),"") -> 6215 | BL22: =+IFERROR(VLOOKUP(BJ22,Auxiliar!$A:$C,2,0),"") -> VALUE LITRO | BM22: =+IFERROR(VLOOKUP(BJ22,Auxiliar!$A:$C,3,0),"") -> 3b 12% | BO22: 5574 | BP22: 1890 LITRO KT | BQ22: =+IFERROR(VALUE(RIGHT(Tabla12[[#This Row],[B2B]],6)),"") -> 5574 | BR22: =+IFERROR(VLOOKUP(BP22,Auxiliar!$A:$C,2,0),"") -> VALUE LITRO | BS22: =+IFERROR(VLOOKUP(BP22,Auxiliar!$A:$C,3,0),"") -> 1b 12% | BU22: 3859 | BV22: CORONA 710 AS | BW22: =+IFERROR(VALUE(RIGHT(Tabla13[[#This Row],[B2B]],6)),"") -> 3859 | BX22: =+IFERROR(VLOOKUP(BV22,Auxiliar!$A:$C,2,0),"") -> Corona 710cc | BY22: =+IFERROR(VLOOKUP(BV22,Auxiliar!$A:$C,3,0),"") -> 3b 10% | 169b 0% | CA22: 322 | CB22: CORONA 710 KT | CC22: =+IFERROR(VALUE(RIGHT(Tabla14[[#This Row],[B2B]],6)),"") -> 322 | CD22: =+IFERROR(VLOOKUP(CB22,Auxiliar!$A:$C,2,0),"") -> Corona 710cc | CE22: =+IFERROR(VLOOKUP(CB22,Auxiliar!$A:$C,3,0),"") -> 1b 10% | 85b 0% | CG22: 6215 | CH22: 1890 LATA AS | CI22: =+IFERROR(VALUE(RIGHT(Tabla15[[#This Row],[B2B]],6)),"") -> 6215 | CJ22: =+IFERROR(VLOOKUP(CH22,Auxiliar!$A:$C,2,0),"") -> VALUE LATA | CK22: =+IFERROR(VLOOKUP(CH22,Auxiliar!$A:$C,3,0),"") -> 3b 15% | 100b 18% | CM22: 322 | CN22: SIN ALCOHOL | CO22: 322 | CP22: SIN ALCOHOL | CQ22: 0b 0% | CS22: 3897 | CT22: AO, PAT y SA - AS | CU22: =+IFERROR(VALUE(RIGHT(Tabla17[[#This Row],[B2B]],6)),"") -> 3897 | CV22: =+IFERROR(VLOOKUP(CT22,Auxiliar!$A:$C,2,0),"") -> PREMIUM | CW22: =+IFERROR(VLOOKUP(CT22,Auxiliar!$A:$C,3,0),"") -> 0b 0% | 5b 2% | 10b 3,5% | 20b 5% | CY22: 322 | CZ22: AO, PAT y SA - K+T | DA22: =+IFERROR(VALUE(RIGHT(Tabla18[[#This Row],[B2B]],6)),"") -> 322 | DB22: =+IFERROR(VLOOKUP(CZ22,Auxiliar!$A:$C,2,0),"") -> PREMIUM | DC22: =+IFERROR(VLOOKUP(CZ22,Auxiliar!$A:$C,3,0),"") -> 0b 0% | 2b 2% | 5b 3,5% | 10b 5% | DE22: 322 | DF22: MICHELOB | DG22: =+IFERROR(VALUE(RIGHT(Tabla19[[#This Row],[B2B]],6)),"") -> 322 | DH22: =+IFERROR(VLOOKUP(DF22,Auxiliar!$A:$C,2,0),"") -> MICHELOB | DI22: =+IFERROR(VLOOKUP(DF22,Auxiliar!$A:$C,3,0),"") -> 1b 7% | 3b 22% | 8b 27% | DK22: 3859 | DL22: CORONA PORRON AS | DM22: =+IFERROR(VALUE(RIGHT(Tabla20[[#This Row],[B2B]],6)),"") -> 3859 | DN22: =+IFERROR(VLOOKUP(DL22,Auxiliar!$A:$C,2,0),"") -> CORONA PORRON | DO22: =+IFERROR(VLOOKUP(DL22,Auxiliar!$A:$C,3,0),"") -> 3b 5% | 42b 0% | DQ22: 322 | DR22: CORONA PORRON KT | DS22: =+IFERROR(VALUE(RIGHT(Tabla21[[#This Row],[B2B]],6)),"") -> 322 | DT22: =+IFERROR(VLOOKUP(DR22,Auxiliar!$A:$C,2,0),"") -> CORONA PORRON | DU22: =+IFERROR(VLOOKUP(DR22,Auxiliar!$A:$C,3,0),"") -> 1b 5% | 20b 0% | DW22: 5574 | DX22: 1890 LATA KT | DY22: =+IFERROR(VALUE(RIGHT(Tabla22[[#This Row],[B2B]],6)),"") -> 5574 | DZ22: =+IFERROR(VLOOKUP(DX22,Auxiliar!$A:$C,2,0),"") -> VALUE LATA | EA22: =+IFERROR(VLOOKUP(DX22,Auxiliar!$A:$C,3,0),"") -> 1b 15% | 100b 18% | EC22: 5574 | ED22: 1890 LATON | EE22: =+IFERROR(VALUE(RIGHT(Tabla23[[#This Row],[B2B]],6)),"") -> 5574 | EF22: =+IFERROR(VLOOKUP(ED22,Auxiliar!$A:$C,2,0),"") -> VALUE LATON | EG22: =+IFERROR(VLOOKUP(ED22,Auxiliar!$A:$C,3,0),"") -> 1b 10% | 5b 15% | 192b 0% | EI22: 6360 | EJ22: 1890 LATON AS | EK22: =+IFERROR(VALUE(RIGHT(Tabla24[[#This Row],[B2B]],6)),"") -> 6360 | EL22: =+IFERROR(VLOOKUP(EJ22,Auxiliar!$A:$C,2,0),"") -> VALUE LATON | EM22: =+IFERROR(VLOOKUP(EJ22,Auxiliar!$A:$C,3,0),"") -> 3b 10% | 10b 15% | 384b 0% | EQ22: =+IFERROR(VALUE(RIGHT(Tabla25[[#This Row],[B2B]],6)),"") | ER22: =+IFERROR(VLOOKUP(EP22,Auxiliar!$A:$C,2,0),"") | ES22: =+IFERROR(VLOOKUP(EP22,Auxiliar!$A:$C,3,0),"") | EW22: =+IFERROR(VALUE(RIGHT(Tabla26[[#This Row],[B2B]],6)),"") | EX22: =+IFERROR(VLOOKUP(EV22,Auxiliar!$A:$C,2,0),"") | EY22: =+IFERROR(VLOOKUP(EV22,Auxiliar!$A:$C,3,0),"") | EZ22: 11719 | FA22: LLENADO KT 3 | FB22: =+IFERROR(VALUE(RIGHT(Tabla27[[#This Row],[B2B]],6)),"") -> 11719 | FC22: =+IFERROR(VLOOKUP(FA22,Auxiliar!$A:$C,2,0),"") -> CORE 2 | FD22: =+IFERROR(VLOOKUP(FA22,Auxiliar!$A:$C,3,0),"") -> 25b 9% | FG22: =+IFERROR(VALUE(RIGHT(Tabla28[[#This Row],[B2B]],6)),"") | FH22: =+IFERROR(VLOOKUP(FF22,Auxiliar!$A:$C,2,0),"") | FI22: =+IFERROR(VLOOKUP(FF22,Auxiliar!$A:$C,3,0),"") | FL22: =+IFERROR(VALUE(RIGHT(Tabla29[[#This Row],[B2B]],6)),"") | FM22: =+IFERROR(VLOOKUP(FK22,Auxiliar!$A:$C,2,0),"") | FN22: =+IFERROR(VLOOKUP(FK22,Auxiliar!$A:$C,3,0),"") | FQ22: =+IFERROR(VALUE(RIGHT(Tabla30[[#This Row],[B2B]],6)),"") | FR22: =+IFERROR(VLOOKUP(FP22,Auxiliar!$A:$C,2,0),"") | FV22: =+IFERROR(VALUE(RIGHT(Tabla31[[#This Row],[B2B]],6)),"") | FW22: =+IFERROR(VLOOKUP(FU22,Auxiliar!$A:$C,2,0),"") | FX22: =+IFERROR(VLOOKUP(FU22,Auxiliar!$A:$C,3,0),"") | GA22: =+IFERROR(VALUE(RIGHT(Tabla32[[#This Row],[B2B]],6)),"") | GB22: =+IFERROR(VLOOKUP(FZ22,Auxiliar!$A:$C,2,0),"") | GC22: =+IFERROR(VLOOKUP(FZ22,Auxiliar!$A:$C,3,0),"") | GF22: =+IFERROR(VALUE(RIGHT(Tabla33[[#This Row],[B2B]],6)),"") | GG22: =+IFERROR(VLOOKUP(GE22,Auxiliar!$A:$C,2,0),"") | GH22: =+IFERROR(VLOOKUP(GE22,Auxiliar!$A:$C,3,0),"")
A23: 5484 | B23: TIER 1 CORE AS | C23: =+IFERROR(VALUE(RIGHT(Tabla1[[#This Row],[B2B]],6)),"") -> 5484 | D23: =+IFERROR(VLOOKUP(B23,Auxiliar!$A:$C,2,0),"") -> CORE | E23: =+IFERROR(VLOOKUP(B23,Auxiliar!$A:$C,3,0),"") -> 0b 1% | 5b 4% | 10b 5% | 15b 6% | 25b 9% | S23: 521 | T23: TIER 1 CORE KT | U23: =+IFERROR(VALUE(RIGHT(Tabla4[[#This Row],[B2B]],6)),"") -> 521 | V23: =+IFERROR(VLOOKUP(T23,Auxiliar!$A:$C,2,0),"") -> CORE | W23: =+IFERROR(VLOOKUP(T23,Auxiliar!$A:$C,3,0),"") -> 0b 1% | 2b 5% | 4b 6% | Y23: 1404 | Z23: TIER 2 CORE KT | AA23: =+IFERROR(VALUE(RIGHT(Tabla5[[#This Row],[B2B]],6)),"") -> 1404 | AB23: =+IFERROR(VLOOKUP(Z23,Auxiliar!$A:$C,2,0),"") -> CORE | AC23: =+IFERROR(VLOOKUP(Z23,Auxiliar!$A:$C,3,0),"") -> 0b 1% | 3b 4% | 5b 6% | AE23: 1793 | AF23: TIER 3 CORE KT | AG23: =+IFERROR(VALUE(RIGHT(Tabla6[[#This Row],[B2B]],6)),"") -> 1793 | AH23: =+IFERROR(VLOOKUP(AF23,Auxiliar!$A:$C,2,0),"") -> CORE | AI23: =+IFERROR(VLOOKUP(AF23,Auxiliar!$A:$C,3,0),"") -> 0b 1% | 6b 5% | 10b 6% | AK23: 462 | AL23: LATONES KT 1 | AM23: =+IFERROR(VALUE(RIGHT(Tabla7[[#This Row],[B2B]],6)),"") -> 462 | AN23: =+IFERROR(VLOOKUP(AL23,Auxiliar!$A:$C,2,0),"") -> LATONES | AO23: =+IFERROR(VLOOKUP(AL23,Auxiliar!$A:$C,3,0),"") -> 1b 4% | 5b 7% | 97b 0% | AQ23: 1238 | AR23: LATONES KT 2 | AS23: =+IFERROR(VALUE(RIGHT(Tabla8[[#This Row],[B2B]],6)),"") -> 1238 | AT23: =+IFERROR(VLOOKUP(AR23,Auxiliar!$A:$C,2,0),"") -> LATONES | AU23: =+IFERROR(VLOOKUP(AR23,Auxiliar!$A:$C,3,0),"") -> 2b 3% | 4b 5% | 5b 8% | 193 0% | AW23: 11664 | AX23: LATONES AS 1 | AY23: =+IFERROR(VALUE(RIGHT(Tabla9[[#This Row],[B2B]],6)),"") -> 11664 | AZ23: =+IFERROR(VLOOKUP(AX23,Auxiliar!$A:$C,2,0),"") -> LATONES | BA23: =+IFERROR(VLOOKUP(AX23,Auxiliar!$A:$C,3,0),"") -> 2b 3% | 4b 4% | 6b 5% | 10b 8% | 385b 0% | BC23: 4727 | BD23: LATONES AS 2 | BE23: =+IFERROR(VALUE(RIGHT(Tabla10[[#This Row],[B2B]],6)),"") -> 4727 | BF23: =+IFERROR(VLOOKUP(BD23,Auxiliar!$A:$C,2,0),"") -> LATONES | BG23: =+IFERROR(VLOOKUP(BD23,Auxiliar!$A:$C,3,0),"") -> 6b 4% | 12b 5% | 15b 8% | 385b 0% | BI23: 6218 | BJ23: 1890 LITRO AS | BK23: =+IFERROR(VALUE(RIGHT(Tabla11[[#This Row],[B2B]],6)),"") -> 6218 | BL23: =+IFERROR(VLOOKUP(BJ23,Auxiliar!$A:$C,2,0),"") -> VALUE LITRO | BM23: =+IFERROR(VLOOKUP(BJ23,Auxiliar!$A:$C,3,0),"") -> 3b 12% | BO23: 3946 | BP23: 1890 LITRO KT | BQ23: =+IFERROR(VALUE(RIGHT(Tabla12[[#This Row],[B2B]],6)),"") -> 3946 | BR23: =+IFERROR(VLOOKUP(BP23,Auxiliar!$A:$C,2,0),"") -> VALUE LITRO | BS23: =+IFERROR(VLOOKUP(BP23,Auxiliar!$A:$C,3,0),"") -> 1b 12% | BU23: 3897 | BV23: CORONA 710 AS | BW23: =+IFERROR(VALUE(RIGHT(Tabla13[[#This Row],[B2B]],6)),"") -> 3897 | BX23: =+IFERROR(VLOOKUP(BV23,Auxiliar!$A:$C,2,0),"") -> Corona 710cc | BY23: =+IFERROR(VLOOKUP(BV23,Auxiliar!$A:$C,3,0),"") -> 3b 10% | 169b 0% | CA23: 327 | CB23: CORONA 710 KT | CC23: =+IFERROR(VALUE(RIGHT(Tabla14[[#This Row],[B2B]],6)),"") -> 327 | CD23: =+IFERROR(VLOOKUP(CB23,Auxiliar!$A:$C,2,0),"") -> Corona 710cc | CE23: =+IFERROR(VLOOKUP(CB23,Auxiliar!$A:$C,3,0),"") -> 1b 10% | 85b 0% | CG23: 6218 | CH23: 1890 LATA AS | CI23: =+IFERROR(VALUE(RIGHT(Tabla15[[#This Row],[B2B]],6)),"") -> 6218 | CJ23: =+IFERROR(VLOOKUP(CH23,Auxiliar!$A:$C,2,0),"") -> VALUE LATA | CK23: =+IFERROR(VLOOKUP(CH23,Auxiliar!$A:$C,3,0),"") -> 3b 15% | 100b 18% | CM23: 327 | CN23: SIN ALCOHOL | CO23: 327 | CP23: SIN ALCOHOL | CQ23: 0b 0% | CS23: 3924 | CT23: AO, PAT y SA - AS | CU23: =+IFERROR(VALUE(RIGHT(Tabla17[[#This Row],[B2B]],6)),"") -> 3924 | CV23: =+IFERROR(VLOOKUP(CT23,Auxiliar!$A:$C,2,0),"") -> PREMIUM | CW23: =+IFERROR(VLOOKUP(CT23,Auxiliar!$A:$C,3,0),"") -> 0b 0% | 5b 2% | 10b 3,5% | 20b 5% | CY23: 327 | CZ23: AO, PAT y SA - K+T | DA23: =+IFERROR(VALUE(RIGHT(Tabla18[[#This Row],[B2B]],6)),"") -> 327 | DB23: =+IFERROR(VLOOKUP(CZ23,Auxiliar!$A:$C,2,0),"") -> PREMIUM | DC23: =+IFERROR(VLOOKUP(CZ23,Auxiliar!$A:$C,3,0),"") -> 0b 0% | 2b 2% | 5b 3,5% | 10b 5% | DE23: 327 | DF23: MICHELOB | DG23: =+IFERROR(VALUE(RIGHT(Tabla19[[#This Row],[B2B]],6)),"") -> 327 | DH23: =+IFERROR(VLOOKUP(DF23,Auxiliar!$A:$C,2,0),"") -> MICHELOB | DI23: =+IFERROR(VLOOKUP(DF23,Auxiliar!$A:$C,3,0),"") -> 1b 7% | 3b 22% | 8b 27% | DK23: 3897 | DL23: CORONA PORRON AS | DM23: =+IFERROR(VALUE(RIGHT(Tabla20[[#This Row],[B2B]],6)),"") -> 3897 | DN23: =+IFERROR(VLOOKUP(DL23,Auxiliar!$A:$C,2,0),"") -> CORONA PORRON | DO23: =+IFERROR(VLOOKUP(DL23,Auxiliar!$A:$C,3,0),"") -> 3b 5% | 42b 0% | DQ23: 327 | DR23: CORONA PORRON KT | DS23: =+IFERROR(VALUE(RIGHT(Tabla21[[#This Row],[B2B]],6)),"") -> 327 | DT23: =+IFERROR(VLOOKUP(DR23,Auxiliar!$A:$C,2,0),"") -> CORONA PORRON | DU23: =+IFERROR(VLOOKUP(DR23,Auxiliar!$A:$C,3,0),"") -> 1b 5% | 20b 0% | DW23: 3946 | DX23: 1890 LATA KT | DY23: =+IFERROR(VALUE(RIGHT(Tabla22[[#This Row],[B2B]],6)),"") -> 3946 | DZ23: =+IFERROR(VLOOKUP(DX23,Auxiliar!$A:$C,2,0),"") -> VALUE LATA | EA23: =+IFERROR(VLOOKUP(DX23,Auxiliar!$A:$C,3,0),"") -> 1b 15% | 100b 18% | EC23: 3946 | ED23: 1890 LATON | EE23: =+IFERROR(VALUE(RIGHT(Tabla23[[#This Row],[B2B]],6)),"") -> 3946 | EF23: =+IFERROR(VLOOKUP(ED23,Auxiliar!$A:$C,2,0),"") -> VALUE LATON | EG23: =+IFERROR(VLOOKUP(ED23,Auxiliar!$A:$C,3,0),"") -> 1b 10% | 5b 15% | 192b 0% | EI23: 6406 | EJ23: 1890 LATON AS | EK23: =+IFERROR(VALUE(RIGHT(Tabla24[[#This Row],[B2B]],6)),"") -> 6406 | EL23: =+IFERROR(VLOOKUP(EJ23,Auxiliar!$A:$C,2,0),"") -> VALUE LATON | EM23: =+IFERROR(VLOOKUP(EJ23,Auxiliar!$A:$C,3,0),"") -> 3b 10% | 10b 15% | 384b 0% | EQ23: =+IFERROR(VALUE(RIGHT(Tabla25[[#This Row],[B2B]],6)),"") | ER23: =+IFERROR(VLOOKUP(EP23,Auxiliar!$A:$C,2,0),"") | ES23: =+IFERROR(VLOOKUP(EP23,Auxiliar!$A:$C,3,0),"") | EW23: =+IFERROR(VALUE(RIGHT(Tabla26[[#This Row],[B2B]],6)),"") | EX23: =+IFERROR(VLOOKUP(EV23,Auxiliar!$A:$C,2,0),"") | EY23: =+IFERROR(VLOOKUP(EV23,Auxiliar!$A:$C,3,0),"") | EZ23: 13032 | FA23: LLENADO KT 3 | FB23: =+IFERROR(VALUE(RIGHT(Tabla27[[#This Row],[B2B]],6)),"") -> 13032 | FC23: =+IFERROR(VLOOKUP(FA23,Auxiliar!$A:$C,2,0),"") -> CORE 2 | FD23: =+IFERROR(VLOOKUP(FA23,Auxiliar!$A:$C,3,0),"") -> 25b 9% | FG23: =+IFERROR(VALUE(RIGHT(Tabla28[[#This Row],[B2B]],6)),"") | FH23: =+IFERROR(VLOOKUP(FF23,Auxiliar!$A:$C,2,0),"") | FI23: =+IFERROR(VLOOKUP(FF23,Auxiliar!$A:$C,3,0),"") | FL23: =+IFERROR(VALUE(RIGHT(Tabla29[[#This Row],[B2B]],6)),"") | FM23: =+IFERROR(VLOOKUP(FK23,Auxiliar!$A:$C,2,0),"") | FN23: =+IFERROR(VLOOKUP(FK23,Auxiliar!$A:$C,3,0),"") | FQ23: =+IFERROR(VALUE(RIGHT(Tabla30[[#This Row],[B2B]],6)),"") | FR23: =+IFERROR(VLOOKUP(FP23,Auxiliar!$A:$C,2,0),"") | FV23: =+IFERROR(VALUE(RIGHT(Tabla31[[#This Row],[B2B]],6)),"") | FW23: =+IFERROR(VLOOKUP(FU23,Auxiliar!$A:$C,2,0),"") | FX23: =+IFERROR(VLOOKUP(FU23,Auxiliar!$A:$C,3,0),"") | GA23: =+IFERROR(VALUE(RIGHT(Tabla32[[#This Row],[B2B]],6)),"") | GB23: =+IFERROR(VLOOKUP(FZ23,Auxiliar!$A:$C,2,0),"") | GC23: =+IFERROR(VLOOKUP(FZ23,Auxiliar!$A:$C,3,0),"") | GF23: =+IFERROR(VALUE(RIGHT(Tabla33[[#This Row],[B2B]],6)),"") | GG23: =+IFERROR(VLOOKUP(GE23,Auxiliar!$A:$C,2,0),"") | GH23: =+IFERROR(VLOOKUP(GE23,Auxiliar!$A:$C,3,0),"")
A24: 5573 | B24: TIER 1 CORE AS | C24: =+IFERROR(VALUE(RIGHT(Tabla1[[#This Row],[B2B]],6)),"") -> 5573 | D24: =+IFERROR(VLOOKUP(B24,Auxiliar!$A:$C,2,0),"") -> CORE | E24: =+IFERROR(VLOOKUP(B24,Auxiliar!$A:$C,3,0),"") -> 0b 1% | 5b 4% | 10b 5% | 15b 6% | 25b 9% | S24: 532 | T24: TIER 1 CORE KT | U24: =+IFERROR(VALUE(RIGHT(Tabla4[[#This Row],[B2B]],6)),"") -> 532 | V24: =+IFERROR(VLOOKUP(T24,Auxiliar!$A:$C,2,0),"") -> CORE | W24: =+IFERROR(VLOOKUP(T24,Auxiliar!$A:$C,3,0),"") -> 0b 1% | 2b 5% | 4b 6% | Y24: 1420 | Z24: TIER 2 CORE KT | AA24: =+IFERROR(VALUE(RIGHT(Tabla5[[#This Row],[B2B]],6)),"") -> 1420 | AB24: =+IFERROR(VLOOKUP(Z24,Auxiliar!$A:$C,2,0),"") -> CORE | AC24: =+IFERROR(VLOOKUP(Z24,Auxiliar!$A:$C,3,0),"") -> 0b 1% | 3b 4% | 5b 6% | AE24: 1930 | AF24: TIER 3 CORE KT | AG24: =+IFERROR(VALUE(RIGHT(Tabla6[[#This Row],[B2B]],6)),"") -> 1930 | AH24: =+IFERROR(VLOOKUP(AF24,Auxiliar!$A:$C,2,0),"") -> CORE | AI24: =+IFERROR(VLOOKUP(AF24,Auxiliar!$A:$C,3,0),"") -> 0b 1% | 6b 5% | 10b 6% | AK24: 521 | AL24: LATONES KT 1 | AM24: =+IFERROR(VALUE(RIGHT(Tabla7[[#This Row],[B2B]],6)),"") -> 521 | AN24: =+IFERROR(VLOOKUP(AL24,Auxiliar!$A:$C,2,0),"") -> LATONES | AO24: =+IFERROR(VLOOKUP(AL24,Auxiliar!$A:$C,3,0),"") -> 1b 4% | 5b 7% | 97b 0% | AQ24: 1258 | AR24: LATONES KT 2 | AS24: =+IFERROR(VALUE(RIGHT(Tabla8[[#This Row],[B2B]],6)),"") -> 1258 | AT24: =+IFERROR(VLOOKUP(AR24,Auxiliar!$A:$C,2,0),"") -> LATONES | AU24: =+IFERROR(VLOOKUP(AR24,Auxiliar!$A:$C,3,0),"") -> 2b 3% | 4b 5% | 5b 8% | 193 0% | AW24: 11743 | AX24: LATONES AS 1 | AY24: =+IFERROR(VALUE(RIGHT(Tabla9[[#This Row],[B2B]],6)),"") -> 11743 | AZ24: =+IFERROR(VLOOKUP(AX24,Auxiliar!$A:$C,2,0),"") -> LATONES | BA24: =+IFERROR(VLOOKUP(AX24,Auxiliar!$A:$C,3,0),"") -> 2b 3% | 4b 4% | 6b 5% | 10b 8% | 385b 0% | BC24: 4982 | BD24: LATONES AS 2 | BE24: =+IFERROR(VALUE(RIGHT(Tabla10[[#This Row],[B2B]],6)),"") -> 4982 | BF24: =+IFERROR(VLOOKUP(BD24,Auxiliar!$A:$C,2,0),"") -> LATONES | BG24: =+IFERROR(VLOOKUP(BD24,Auxiliar!$A:$C,3,0),"") -> 6b 4% | 12b 5% | 15b 8% | 385b 0% | BI24: 6221 | BJ24: 1890 LITRO AS | BK24: =+IFERROR(VALUE(RIGHT(Tabla11[[#This Row],[B2B]],6)),"") -> 6221 | BL24: =+IFERROR(VLOOKUP(BJ24,Auxiliar!$A:$C,2,0),"") -> VALUE LITRO | BM24: =+IFERROR(VLOOKUP(BJ24,Auxiliar!$A:$C,3,0),"") -> 3b 12% | BO24: 5575 | BP24: 1890 LITRO KT | BQ24: =+IFERROR(VALUE(RIGHT(Tabla12[[#This Row],[B2B]],6)),"") -> 5575 | BR24: =+IFERROR(VLOOKUP(BP24,Auxiliar!$A:$C,2,0),"") -> VALUE LITRO | BS24: =+IFERROR(VLOOKUP(BP24,Auxiliar!$A:$C,3,0),"") -> 1b 12% | BU24: 3924 | BV24: CORONA 710 AS | BW24: =+IFERROR(VALUE(RIGHT(Tabla13[[#This Row],[B2B]],6)),"") -> 3924 | BX24: =+IFERROR(VLOOKUP(BV24,Auxiliar!$A:$C,2,0),"") -> Corona 710cc | BY24: =+IFERROR(VLOOKUP(BV24,Auxiliar!$A:$C,3,0),"") -> 3b 10% | 169b 0% | CA24: 337 | CB24: CORONA 710 KT | CC24: =+IFERROR(VALUE(RIGHT(Tabla14[[#This Row],[B2B]],6)),"") -> 337 | CD24: =+IFERROR(VLOOKUP(CB24,Auxiliar!$A:$C,2,0),"") -> Corona 710cc | CE24: =+IFERROR(VLOOKUP(CB24,Auxiliar!$A:$C,3,0),"") -> 1b 10% | 85b 0% | CG24: 6221 | CH24: 1890 LATA AS | CI24: =+IFERROR(VALUE(RIGHT(Tabla15[[#This Row],[B2B]],6)),"") -> 6221 | CJ24: =+IFERROR(VLOOKUP(CH24,Auxiliar!$A:$C,2,0),"") -> VALUE LATA | CK24: =+IFERROR(VLOOKUP(CH24,Auxiliar!$A:$C,3,0),"") -> 3b 15% | 100b 18% | CM24: 337 | CN24: SIN ALCOHOL | CO24: 337 | CP24: SIN ALCOHOL | CQ24: 0b 0% | CS24: 4057 | CT24: AO, PAT y SA - AS | CU24: =+IFERROR(VALUE(RIGHT(Tabla17[[#This Row],[B2B]],6)),"") -> 4057 | CV24: =+IFERROR(VLOOKUP(CT24,Auxiliar!$A:$C,2,0),"") -> PREMIUM | CW24: =+IFERROR(VLOOKUP(CT24,Auxiliar!$A:$C,3,0),"") -> 0b 0% | 5b 2% | 10b 3,5% | 20b 5% | CY24: 337 | CZ24: AO, PAT y SA - K+T | DA24: =+IFERROR(VALUE(RIGHT(Tabla18[[#This Row],[B2B]],6)),"") -> 337 | DB24: =+IFERROR(VLOOKUP(CZ24,Auxiliar!$A:$C,2,0),"") -> PREMIUM | DC24: =+IFERROR(VLOOKUP(CZ24,Auxiliar!$A:$C,3,0),"") -> 0b 0% | 2b 2% | 5b 3,5% | 10b 5% | DE24: 337 | DF24: MICHELOB | DG24: =+IFERROR(VALUE(RIGHT(Tabla19[[#This Row],[B2B]],6)),"") -> 337 | DH24: =+IFERROR(VLOOKUP(DF24,Auxiliar!$A:$C,2,0),"") -> MICHELOB | DI24: =+IFERROR(VLOOKUP(DF24,Auxiliar!$A:$C,3,0),"") -> 1b 7% | 3b 22% | 8b 27% | DK24: 3924 | DL24: CORONA PORRON AS | DM24: =+IFERROR(VALUE(RIGHT(Tabla20[[#This Row],[B2B]],6)),"") -> 3924 | DN24: =+IFERROR(VLOOKUP(DL24,Auxiliar!$A:$C,2,0),"") -> CORONA PORRON | DO24: =+IFERROR(VLOOKUP(DL24,Auxiliar!$A:$C,3,0),"") -> 3b 5% | 42b 0% | DQ24: 337 | DR24: CORONA PORRON KT | DS24: =+IFERROR(VALUE(RIGHT(Tabla21[[#This Row],[B2B]],6)),"") -> 337 | DT24: =+IFERROR(VLOOKUP(DR24,Auxiliar!$A:$C,2,0),"") -> CORONA PORRON | DU24: =+IFERROR(VLOOKUP(DR24,Auxiliar!$A:$C,3,0),"") -> 1b 5% | 20b 0% | DW24: 5575 | DX24: 1890 LATA KT | DY24: =+IFERROR(VALUE(RIGHT(Tabla22[[#This Row],[B2B]],6)),"") -> 5575 | DZ24: =+IFERROR(VLOOKUP(DX24,Auxiliar!$A:$C,2,0),"") -> VALUE LATA | EA24: =+IFERROR(VLOOKUP(DX24,Auxiliar!$A:$C,3,0),"") -> 1b 15% | 100b 18% | EC24: 5575 | ED24: 1890 LATON | EE24: =+IFERROR(VALUE(RIGHT(Tabla23[[#This Row],[B2B]],6)),"") -> 5575 | EF24: =+IFERROR(VLOOKUP(ED24,Auxiliar!$A:$C,2,0),"") -> VALUE LATON | EG24: =+IFERROR(VLOOKUP(ED24,Auxiliar!$A:$C,3,0),"") -> 1b 10% | 5b 15% | 192b 0% | EI24: 5484 | EJ24: 1890 LATON AS | EK24: =+IFERROR(VALUE(RIGHT(Tabla24[[#This Row],[B2B]],6)),"") -> 5484 | EL24: =+IFERROR(VLOOKUP(EJ24,Auxiliar!$A:$C,2,0),"") -> VALUE LATON | EM24: =+IFERROR(VLOOKUP(EJ24,Auxiliar!$A:$C,3,0),"") -> 3b 10% | 10b 15% | 384b 0% | EQ24: =+IFERROR(VALUE(RIGHT(Tabla25[[#This Row],[B2B]],6)),"") | ER24: =+IFERROR(VLOOKUP(EP24,Auxiliar!$A:$C,2,0),"") | ES24: =+IFERROR(VLOOKUP(EP24,Auxiliar!$A:$C,3,0),"") | EW24: =+IFERROR(VALUE(RIGHT(Tabla26[[#This Row],[B2B]],6)),"") | EX24: =+IFERROR(VLOOKUP(EV24,Auxiliar!$A:$C,2,0),"") | EY24: =+IFERROR(VLOOKUP(EV24,Auxiliar!$A:$C,3,0),"") | EZ24: 13034 | FA24: LLENADO KT 3 | FB24: =+IFERROR(VALUE(RIGHT(Tabla27[[#This Row],[B2B]],6)),"") -> 13034 | FC24: =+IFERROR(VLOOKUP(FA24,Auxiliar!$A:$C,2,0),"") -> CORE 2 | FD24: =+IFERROR(VLOOKUP(FA24,Auxiliar!$A:$C,3,0),"") -> 25b 9% | FG24: =+IFERROR(VALUE(RIGHT(Tabla28[[#This Row],[B2B]],6)),"") | FH24: =+IFERROR(VLOOKUP(FF24,Auxiliar!$A:$C,2,0),"") | FI24: =+IFERROR(VLOOKUP(FF24,Auxiliar!$A:$C,3,0),"") | FL24: =+IFERROR(VALUE(RIGHT(Tabla29[[#This Row],[B2B]],6)),"") | FM24: =+IFERROR(VLOOKUP(FK24,Auxiliar!$A:$C,2,0),"") | FN24: =+IFERROR(VLOOKUP(FK24,Auxiliar!$A:$C,3,0),"") | FQ24: =+IFERROR(VALUE(RIGHT(Tabla30[[#This Row],[B2B]],6)),"") | FR24: =+IFERROR(VLOOKUP(FP24,Auxiliar!$A:$C,2,0),"") | FV24: =+IFERROR(VALUE(RIGHT(Tabla31[[#This Row],[B2B]],6)),"") | FW24: =+IFERROR(VLOOKUP(FU24,Auxiliar!$A:$C,2,0),"") | FX24: =+IFERROR(VLOOKUP(FU24,Auxiliar!$A:$C,3,0),"") | GA24: =+IFERROR(VALUE(RIGHT(Tabla32[[#This Row],[B2B]],6)),"") | GB24: =+IFERROR(VLOOKUP(FZ24,Auxiliar!$A:$C,2,0),"") | GC24: =+IFERROR(VLOOKUP(FZ24,Auxiliar!$A:$C,3,0),"") | GF24: =+IFERROR(VALUE(RIGHT(Tabla33[[#This Row],[B2B]],6)),"") | GG24: =+IFERROR(VLOOKUP(GE24,Auxiliar!$A:$C,2,0),"") | GH24: =+IFERROR(VLOOKUP(GE24,Auxiliar!$A:$C,3,0),"")
A25: 6000 | B25: TIER 1 CORE AS | C25: =+IFERROR(VALUE(RIGHT(Tabla1[[#This Row],[B2B]],6)),"") -> 6000 | D25: =+IFERROR(VLOOKUP(B25,Auxiliar!$A:$C,2,0),"") -> CORE | E25: =+IFERROR(VLOOKUP(B25,Auxiliar!$A:$C,3,0),"") -> 0b 1% | 5b 4% | 10b 5% | 15b 6% | 25b 9% | S25: 545 | T25: TIER 1 CORE KT | U25: =+IFERROR(VALUE(RIGHT(Tabla4[[#This Row],[B2B]],6)),"") -> 545 | V25: =+IFERROR(VLOOKUP(T25,Auxiliar!$A:$C,2,0),"") -> CORE | W25: =+IFERROR(VLOOKUP(T25,Auxiliar!$A:$C,3,0),"") -> 0b 1% | 2b 5% | 4b 6% | Y25: 1590 | Z25: TIER 2 CORE KT | AA25: =+IFERROR(VALUE(RIGHT(Tabla5[[#This Row],[B2B]],6)),"") -> 1590 | AB25: =+IFERROR(VLOOKUP(Z25,Auxiliar!$A:$C,2,0),"") -> CORE | AC25: =+IFERROR(VLOOKUP(Z25,Auxiliar!$A:$C,3,0),"") -> 0b 1% | 3b 4% | 5b 6% | AE25: 1946 | AF25: TIER 3 CORE KT | AG25: =+IFERROR(VALUE(RIGHT(Tabla6[[#This Row],[B2B]],6)),"") -> 1946 | AH25: =+IFERROR(VLOOKUP(AF25,Auxiliar!$A:$C,2,0),"") -> CORE | AI25: =+IFERROR(VLOOKUP(AF25,Auxiliar!$A:$C,3,0),"") -> 0b 1% | 6b 5% | 10b 6% | AK25: 532 | AL25: LATONES KT 1 | AM25: =+IFERROR(VALUE(RIGHT(Tabla7[[#This Row],[B2B]],6)),"") -> 532 | AN25: =+IFERROR(VLOOKUP(AL25,Auxiliar!$A:$C,2,0),"") -> LATONES | AO25: =+IFERROR(VLOOKUP(AL25,Auxiliar!$A:$C,3,0),"") -> 1b 4% | 5b 7% | 97b 0% | AQ25: 1279 | AR25: LATONES KT 2 | AS25: =+IFERROR(VALUE(RIGHT(Tabla8[[#This Row],[B2B]],6)),"") -> 1279 | AT25: =+IFERROR(VLOOKUP(AR25,Auxiliar!$A:$C,2,0),"") -> LATONES | AU25: =+IFERROR(VLOOKUP(AR25,Auxiliar!$A:$C,3,0),"") -> 2b 3% | 4b 5% | 5b 8% | 193 0% | AW25: 11785 | AX25: LATONES AS 1 | AY25: =+IFERROR(VALUE(RIGHT(Tabla9[[#This Row],[B2B]],6)),"") -> 11785 | AZ25: =+IFERROR(VLOOKUP(AX25,Auxiliar!$A:$C,2,0),"") -> LATONES | BA25: =+IFERROR(VLOOKUP(AX25,Auxiliar!$A:$C,3,0),"") -> 2b 3% | 4b 4% | 6b 5% | 10b 8% | 385b 0% | BC25: 5484 | BD25: LATONES AS 2 | BE25: =+IFERROR(VALUE(RIGHT(Tabla10[[#This Row],[B2B]],6)),"") -> 5484 | BF25: =+IFERROR(VLOOKUP(BD25,Auxiliar!$A:$C,2,0),"") -> LATONES | BG25: =+IFERROR(VLOOKUP(BD25,Auxiliar!$A:$C,3,0),"") -> 6b 4% | 12b 5% | 15b 8% | 385b 0% | BI25: 6311 | BJ25: 1890 LITRO AS | BK25: =+IFERROR(VALUE(RIGHT(Tabla11[[#This Row],[B2B]],6)),"") -> 6311 | BL25: =+IFERROR(VLOOKUP(BJ25,Auxiliar!$A:$C,2,0),"") -> VALUE LITRO | BM25: =+IFERROR(VLOOKUP(BJ25,Auxiliar!$A:$C,3,0),"") -> 3b 12% | BO25: 5576 | BP25: 1890 LITRO KT | BQ25: =+IFERROR(VALUE(RIGHT(Tabla12[[#This Row],[B2B]],6)),"") -> 5576 | BR25: =+IFERROR(VLOOKUP(BP25,Auxiliar!$A:$C,2,0),"") -> VALUE LITRO | BS25: =+IFERROR(VLOOKUP(BP25,Auxiliar!$A:$C,3,0),"") -> 1b 12% | BU25: 3936 | BV25: CORONA 710 AS | BW25: =+IFERROR(VALUE(RIGHT(Tabla13[[#This Row],[B2B]],6)),"") -> 3936 | BX25: =+IFERROR(VLOOKUP(BV25,Auxiliar!$A:$C,2,0),"") -> Corona 710cc | BY25: =+IFERROR(VLOOKUP(BV25,Auxiliar!$A:$C,3,0),"") -> 3b 10% | 169b 0% | CA25: 352 | CB25: CORONA 710 KT | CC25: =+IFERROR(VALUE(RIGHT(Tabla14[[#This Row],[B2B]],6)),"") -> 352 | CD25: =+IFERROR(VLOOKUP(CB25,Auxiliar!$A:$C,2,0),"") -> Corona 710cc | CE25: =+IFERROR(VLOOKUP(CB25,Auxiliar!$A:$C,3,0),"") -> 1b 10% | 85b 0% | CG25: 6311 | CH25: 1890 LATA AS | CI25: =+IFERROR(VALUE(RIGHT(Tabla15[[#This Row],[B2B]],6)),"") -> 6311 | CJ25: =+IFERROR(VLOOKUP(CH25,Auxiliar!$A:$C,2,0),"") -> VALUE LATA | CK25: =+IFERROR(VLOOKUP(CH25,Auxiliar!$A:$C,3,0),"") -> 3b 15% | 100b 18% | CM25: 352 | CN25: SIN ALCOHOL | CO25: 352 | CP25: SIN ALCOHOL | CQ25: 0b 0% | CS25: 4328 | CT25: AO, PAT y SA - AS | CU25: =+IFERROR(VALUE(RIGHT(Tabla17[[#This Row],[B2B]],6)),"") -> 4328 | CV25: =+IFERROR(VLOOKUP(CT25,Auxiliar!$A:$C,2,0),"") -> PREMIUM | CW25: =+IFERROR(VLOOKUP(CT25,Auxiliar!$A:$C,3,0),"") -> 0b 0% | 5b 2% | 10b 3,5% | 20b 5% | CY25: 352 | CZ25: AO, PAT y SA - K+T | DA25: =+IFERROR(VALUE(RIGHT(Tabla18[[#This Row],[B2B]],6)),"") -> 352 | DB25: =+IFERROR(VLOOKUP(CZ25,Auxiliar!$A:$C,2,0),"") -> PREMIUM | DC25: =+IFERROR(VLOOKUP(CZ25,Auxiliar!$A:$C,3,0),"") -> 0b 0% | 2b 2% | 5b 3,5% | 10b 5% | DE25: 352 | DF25: MICHELOB | DG25: =+IFERROR(VALUE(RIGHT(Tabla19[[#This Row],[B2B]],6)),"") -> 352 | DH25: =+IFERROR(VLOOKUP(DF25,Auxiliar!$A:$C,2,0),"") -> MICHELOB | DI25: =+IFERROR(VLOOKUP(DF25,Auxiliar!$A:$C,3,0),"") -> 1b 7% | 3b 22% | 8b 27% | DK25: 3936 | DL25: CORONA PORRON AS | DM25: =+IFERROR(VALUE(RIGHT(Tabla20[[#This Row],[B2B]],6)),"") -> 3936 | DN25: =+IFERROR(VLOOKUP(DL25,Auxiliar!$A:$C,2,0),"") -> CORONA PORRON | DO25: =+IFERROR(VLOOKUP(DL25,Auxiliar!$A:$C,3,0),"") -> 3b 5% | 42b 0% | DQ25: 352 | DR25: CORONA PORRON KT | DS25: =+IFERROR(VALUE(RIGHT(Tabla21[[#This Row],[B2B]],6)),"") -> 352 | DT25: =+IFERROR(VLOOKUP(DR25,Auxiliar!$A:$C,2,0),"") -> CORONA PORRON | DU25: =+IFERROR(VLOOKUP(DR25,Auxiliar!$A:$C,3,0),"") -> 1b 5% | 20b 0% | DW25: 5576 | DX25: 1890 LATA KT | DY25: =+IFERROR(VALUE(RIGHT(Tabla22[[#This Row],[B2B]],6)),"") -> 5576 | DZ25: =+IFERROR(VLOOKUP(DX25,Auxiliar!$A:$C,2,0),"") -> VALUE LATA | EA25: =+IFERROR(VLOOKUP(DX25,Auxiliar!$A:$C,3,0),"") -> 1b 15% | 100b 18% | EC25: 5576 | ED25: 1890 LATON | EE25: =+IFERROR(VALUE(RIGHT(Tabla23[[#This Row],[B2B]],6)),"") -> 5576 | EF25: =+IFERROR(VLOOKUP(ED25,Auxiliar!$A:$C,2,0),"") -> VALUE LATON | EG25: =+IFERROR(VLOOKUP(ED25,Auxiliar!$A:$C,3,0),"") -> 1b 10% | 5b 15% | 192b 0% | EI25: 6438 | EJ25: 1890 LATON AS | EK25: =+IFERROR(VALUE(RIGHT(Tabla24[[#This Row],[B2B]],6)),"") -> 6438 | EL25: =+IFERROR(VLOOKUP(EJ25,Auxiliar!$A:$C,2,0),"") -> VALUE LATON | EM25: =+IFERROR(VLOOKUP(EJ25,Auxiliar!$A:$C,3,0),"") -> 3b 10% | 10b 15% | 384b 0% | EQ25: =+IFERROR(VALUE(RIGHT(Tabla25[[#This Row],[B2B]],6)),"") | ER25: =+IFERROR(VLOOKUP(EP25,Auxiliar!$A:$C,2,0),"") | ES25: =+IFERROR(VLOOKUP(EP25,Auxiliar!$A:$C,3,0),"") | EW25: =+IFERROR(VALUE(RIGHT(Tabla26[[#This Row],[B2B]],6)),"") | EX25: =+IFERROR(VLOOKUP(EV25,Auxiliar!$A:$C,2,0),"") | EY25: =+IFERROR(VLOOKUP(EV25,Auxiliar!$A:$C,3,0),"") | EZ25: 13083 | FA25: LLENADO KT 3 | FB25: =+IFERROR(VALUE(RIGHT(Tabla27[[#This Row],[B2B]],6)),"") -> 13083 | FC25: =+IFERROR(VLOOKUP(FA25,Auxiliar!$A:$C,2,0),"") -> CORE 2 | FD25: =+IFERROR(VLOOKUP(FA25,Auxiliar!$A:$C,3,0),"") -> 25b 9% | FG25: =+IFERROR(VALUE(RIGHT(Tabla28[[#This Row],[B2B]],6)),"") | FH25: =+IFERROR(VLOOKUP(FF25,Auxiliar!$A:$C,2,0),"") | FI25: =+IFERROR(VLOOKUP(FF25,Auxiliar!$A:$C,3,0),"") | FL25: =+IFERROR(VALUE(RIGHT(Tabla29[[#This Row],[B2B]],6)),"") | FM25: =+IFERROR(VLOOKUP(FK25,Auxiliar!$A:$C,2,0),"") | FN25: =+IFERROR(VLOOKUP(FK25,Auxiliar!$A:$C,3,0),"") | FQ25: =+IFERROR(VALUE(RIGHT(Tabla30[[#This Row],[B2B]],6)),"") | FR25: =+IFERROR(VLOOKUP(FP25,Auxiliar!$A:$C,2,0),"") | FV25: =+IFERROR(VALUE(RIGHT(Tabla31[[#This Row],[B2B]],6)),"") | FW25: =+IFERROR(VLOOKUP(FU25,Auxiliar!$A:$C,2,0),"") | FX25: =+IFERROR(VLOOKUP(FU25,Auxiliar!$A:$C,3,0),"") | GA25: =+IFERROR(VALUE(RIGHT(Tabla32[[#This Row],[B2B]],6)),"") | GB25: =+IFERROR(VLOOKUP(FZ25,Auxiliar!$A:$C,2,0),"") | GC25: =+IFERROR(VLOOKUP(FZ25,Auxiliar!$A:$C,3,0),"") | GF25: =+IFERROR(VALUE(RIGHT(Tabla33[[#This Row],[B2B]],6)),"") | GG25: =+IFERROR(VLOOKUP(GE25,Auxiliar!$A:$C,2,0),"") | GH25: =+IFERROR(VLOOKUP(GE25,Auxiliar!$A:$C,3,0),"")
